City_ID,City,Country,Date,Lat,Lng,Max Temp,Humidity,Cloudiness,Wind Speed
0,Saldanha,ZA,2021-12-24 23:15:26,-33.0117,17.9442,68.05,85,100,9.01
1,Oranjestad,AW,2021-12-24 23:12:09,12.524,-70.027,80.91,82,15,4.0
2,Kjollefjord,NO,2021-12-24 23:15:27,70.9457,27.3465,19.69,73,98,5.14
3,Byron Bay,AU,2021-12-24 23:12:00,-28.65,153.6167,81.18,71,100,6.22
4,Kruisfontein,ZA,2021-12-24 23:15:28,-34.0033,24.7314,58.89,93,92,6.55
5,Kangaatsiaq,GL,2021-12-24 23:15:28,68.3065,-53.4641,14.43,78,30,10.65
6,Longyearbyen,SJ,2021-12-24 23:15:28,78.2186,15.6401,10.24,52,0,13.8
7,Laguna,US,2021-12-24 23:15:29,38.421,-121.4238,57.25,67,75,5.01
8,Punta Arenas,CL,2021-12-24 23:11:38,-53.15,-70.9167,60.91,63,40,26.46
9,Bathsheba,BB,2021-12-24 23:15:30,13.2167,-59.5167,79.41,73,75,19.57
10,Mahebourg,MU,2021-12-24 23:15:30,-20.4081,57.7,76.24,88,20,5.75
11,Nouadhibou,MR,2021-12-24 23:15:31,20.931,-17.0347,71.58,37,0,13.8
12,Tuktoyaktuk,CA,2021-12-24 23:15:31,69.4541,-133.0374,-13.0,70,90,20.71
13,Slave Lake,CA,2021-12-24 23:15:31,55.2834,-114.769,-9.42,70,90,16.11
14,Rikitea,PF,2021-12-24 23:15:32,-23.1203,-134.9692,77.11,69,17,8.1
15,Tautira,PF,2021-12-24 23:15:32,-17.7333,-149.15,87.82,74,57,11.45
16,Torbay,CA,2021-12-24 23:15:33,47.6666,-52.7314,25.75,83,90,20.71
17,Puerto Ayora,EC,2021-12-24 23:15:33,-0.7393,-90.3518,71.33,84,93,8.79
18,Kapaa,US,2021-12-24 23:15:33,22.0752,-159.319,79.12,68,20,3.0
19,Touros,BR,2021-12-24 23:15:34,-5.1989,-35.4608,83.3,77,100,10.65
20,Janakkala,FI,2021-12-24 23:15:34,60.9,24.6,5.67,92,96,7.14
21,Katsuura,JP,2021-12-24 23:11:06,35.1333,140.3,50.02,91,100,9.73
22,Grand-Lahou,CI,2021-12-24 23:15:35,5.1367,-5.0242,79.99,81,6,6.98
23,East London,ZA,2021-12-24 23:15:36,-33.0153,27.9116,63.88,90,66,10.47
24,Barrow,US,2021-12-24 23:15:36,71.2906,-156.7887,-12.98,77,1,9.22
25,Ambulu,ID,2021-12-24 23:15:36,-8.345,113.6058,77.76,89,93,2.26
26,Marovoay,MG,2021-12-24 23:15:37,-16.1,46.6333,82.54,88,100,3.24
27,Chuy,UY,2021-12-24 23:15:37,-33.6971,-53.4616,68.65,77,0,14.83
28,Bluff,NZ,2021-12-24 23:15:38,-46.6,168.3333,55.8,56,0,3.78
29,Porto De Moz,BR,2021-12-24 23:15:38,-1.7483,-52.2383,79.05,79,52,3.71
30,Atuona,PF,2021-12-24 23:15:39,-9.8,-139.0333,78.28,77,10,11.63
31,Sitka,US,2021-12-24 23:15:39,57.0531,-135.33,28.29,34,1,10.36
32,Yellowknife,CA,2021-12-24 23:11:55,62.456,-114.3525,-7.13,97,100,8.23
33,Man,CI,2021-12-24 23:15:40,7.4125,-7.5538,74.57,31,27,2.44
34,Hilo,US,2021-12-24 23:14:07,19.7297,-155.09,78.53,55,40,8.05
35,Leiyang,CN,2021-12-24 23:15:40,26.4024,112.8591,44.28,82,100,9.4
36,Butaritari,KI,2021-12-24 23:15:41,3.0707,172.7902,81.45,78,100,10.11
37,Tuatapere,NZ,2021-12-24 23:15:41,-46.1333,167.6833,63.39,40,0,4.21
38,La Ronge,CA,2021-12-24 23:15:30,55.1001,-105.2842,-12.75,77,20,11.5
39,Djougou,BJ,2021-12-24 23:15:42,9.7085,1.666,77.13,25,12,5.3
40,Necochea,AR,2021-12-24 23:15:42,-38.5473,-58.7368,70.03,70,58,7.99
41,Gat,IL,2021-12-24 23:15:43,31.61,34.7642,51.4,59,75,1.99
42,Tiksi,RU,2021-12-24 23:15:43,71.6872,128.8694,-25.24,100,99,3.44
43,Nanortalik,GL,2021-12-24 23:15:43,60.1432,-45.2371,32.99,65,100,16.71
44,Albany,US,2021-12-24 23:11:53,42.6001,-73.9662,29.8,85,95,0.34
45,Zyryanka,RU,2021-12-24 23:15:44,65.75,150.85,-21.46,97,100,12.64
46,Hobart,AU,2021-12-24 23:11:46,-42.8794,147.3294,68.11,43,20,7.0
47,Sao Filipe,CV,2021-12-24 23:16:45,14.8961,-24.4956,76.05,66,45,7.67
48,Narsaq,GL,2021-12-24 23:16:45,60.9167,-46.05,43.02,56,83,16.33
49,Mali,GN,2021-12-24 23:16:46,12.079,-12.2982,63.72,21,79,2.17
50,Hermanus,ZA,2021-12-24 23:16:46,-34.4187,19.2345,67.89,84,92,14.67
51,Ushuaia,AR,2021-12-24 23:16:47,-54.8,-68.3,62.26,48,40,3.44
52,Cape Town,ZA,2021-12-24 23:15:52,-33.9258,18.4232,64.81,79,0,1.99
53,Hithadhoo,MV,2021-12-24 23:16:47,-0.6,73.0833,81.1,75,38,6.87
54,Bredasdorp,ZA,2021-12-24 23:16:48,-34.5322,20.0403,61.92,82,79,5.75
55,Port Alfred,ZA,2021-12-24 23:16:48,-33.5906,26.891,63.88,86,70,12.57
56,Nabire,ID,2021-12-24 23:16:48,-3.3667,135.4833,79.75,81,82,1.5
57,Itarema,BR,2021-12-24 23:16:49,-2.9248,-39.9167,80.71,80,94,12.66
58,Berlevag,NO,2021-12-24 23:16:49,70.8578,29.0864,27.37,68,100,14.85
59,Busselton,AU,2021-12-24 23:16:50,-33.65,115.3333,69.04,55,0,17.0
60,Thompson,CA,2021-12-24 23:16:50,55.7435,-97.8558,-0.24,85,90,4.61
61,Shelburne,CA,2021-12-24 23:16:51,44.0787,-80.2041,33.57,98,100,10.89
62,Najran,SA,2021-12-24 23:16:51,17.4924,44.1277,63.25,39,97,4.97
63,Vila Velha,BR,2021-12-24 23:16:51,-20.3297,-40.2925,73.94,82,0,3.0
64,Te Anau,NZ,2021-12-24 23:16:52,-45.4167,167.7167,64.56,46,0,1.72
65,Ust-Kuyga,RU,2021-12-24 23:16:52,70.0167,135.6,-46.68,100,100,3.33
66,Aleksandrov Gay,RU,2021-12-24 23:16:53,50.147,48.5704,9.09,86,7,10.22
67,Vardo,NO,2021-12-24 23:16:53,70.3705,31.1107,25.0,65,100,23.06
68,Kodiak,US,2021-12-24 23:16:53,57.79,-152.4072,47.71,31,1,17.27
69,Mataura,NZ,2021-12-24 23:16:54,-46.1927,168.8643,68.11,40,0,2.64
70,Souillac,MU,2021-12-24 23:16:54,-20.5167,57.5167,76.35,88,20,5.75
71,Caribou,US,2021-12-24 23:16:55,46.8606,-68.012,13.28,69,1,10.36
72,Ostrovnoy,RU,2021-12-24 23:16:55,68.0531,39.5131,13.77,87,100,18.03
73,Ancud,CL,2021-12-24 23:16:34,-41.8697,-73.8203,65.73,73,25,4.9
74,Talnakh,RU,2021-12-24 23:16:56,69.4865,88.3972,15.21,95,100,8.25
75,Rosetown,CA,2021-12-24 23:14:19,51.5501,-108.0014,-7.02,90,29,10.67
76,Yarada,IN,2021-12-24 23:16:56,17.65,83.2667,66.52,100,20,2.3
77,Mpika,ZM,2021-12-24 23:16:57,-11.8343,31.4529,62.44,95,99,2.26
78,Atar,MR,2021-12-24 23:16:57,20.5169,-13.0499,71.2,23,0,7.36
79,Sakakah,SA,2021-12-24 23:16:58,29.9697,40.2064,51.37,60,53,8.41
80,Hay River,CA,2021-12-24 23:16:58,60.8156,-115.7999,-18.42,76,75,13.8
81,Oranjemund,NA,2021-12-24 23:16:58,-28.55,16.4333,62.44,93,33,4.92
82,Maridi,SS,2021-12-24 23:16:59,4.9158,29.4742,76.44,42,99,1.83
83,Salinopolis,BR,2021-12-24 23:16:59,-0.6136,-47.3561,79.41,85,99,8.21
84,Salalah,OM,2021-12-24 23:17:00,17.0151,54.0924,69.89,73,0,5.75
85,Roscommon,IE,2021-12-24 23:17:00,53.6333,-8.1833,45.07,97,96,10.38
86,Prata,BR,2021-12-24 23:17:01,-19.3072,-48.9242,69.28,49,0,4.14
87,Nuuk,GL,2021-12-24 23:17:01,64.1835,-51.7216,15.85,70,21,8.52
88,Floro,NO,2021-12-24 23:17:01,61.5996,5.0328,26.56,100,40,5.75
89,Saraland,US,2021-12-24 23:13:32,30.8207,-88.0706,67.41,80,11,8.43
90,Inhambane,MZ,2021-12-24 23:17:02,-23.865,35.3833,76.1,84,59,9.42
91,Nola,IT,2021-12-24 23:17:02,40.922,14.5329,57.54,91,100,4.16
92,Los Llanos De Aridane,ES,2021-12-24 23:17:03,28.6585,-17.9182,60.55,90,75,3.0
93,Manjakandriana,MG,2021-12-24 23:17:03,-18.9167,47.8,65.89,95,100,2.75
94,General Roca,AR,2021-12-24 23:17:04,-39.0333,-67.5833,91.62,12,0,6.33
95,Manokwari,ID,2021-12-24 23:17:04,-0.8667,134.0833,80.58,75,95,4.0
96,Ambon,ID,2021-12-24 23:13:14,-3.6954,128.1814,84.34,74,40,5.75
97,Ciudad Bolivar,VE,2021-12-24 23:18:05,8.1222,-63.5497,83.05,67,46,12.37
98,Catuday,PH,2021-12-24 23:18:06,16.2923,119.8062,76.28,85,8,9.62
99,Provideniya,RU,2021-12-24 23:18:06,64.3833,-173.3,6.98,95,100,18.32
100,Cayenne,GF,2021-12-24 23:18:06,4.9333,-52.3333,77.09,92,90,1.01
101,Leningradskiy,RU,2021-12-24 23:18:07,69.3833,178.4167,-20.97,98,93,4.14
102,Palana,RU,2021-12-24 23:18:07,59.1167,159.9667,3.9,88,100,5.53
103,Lebu,CL,2021-12-24 23:18:08,-37.6167,-73.65,58.91,81,0,21.21
104,Avarua,CK,2021-12-24 23:18:08,-21.2078,-159.775,82.45,83,100,17.27
105,Georgetown,MY,2021-12-24 23:17:14,5.4112,100.3354,78.89,91,20,1.01
106,Ledyard,US,2021-12-24 23:18:09,41.4398,-72.0142,29.17,83,90,3.0
107,Poyarkovo,RU,2021-12-24 23:18:09,49.6,128.6833,-32.13,99,97,4.72
108,Kargopol,RU,2021-12-24 23:18:10,61.5071,38.9456,17.11,92,100,12.57
109,Atambua,ID,2021-12-24 23:18:10,-9.1061,124.8925,73.18,91,100,0.45
110,Dikson,RU,2021-12-24 23:18:11,73.5069,80.5464,-10.3,92,37,7.38
111,Imuris,MX,2021-12-24 23:18:11,30.7833,-110.8667,64.08,57,99,14.97
112,Omboue,GA,2021-12-24 23:18:12,-1.5746,9.2618,77.65,89,92,5.7
113,Filadelfia,US,2021-12-24 23:16:26,39.9523,-75.1638,46.98,60,75,1.01
114,Sioux Lookout,CA,2021-12-24 23:18:12,50.1001,-91.917,32.07,100,90,9.22
115,Bollene,FR,2021-12-24 23:18:13,44.2848,4.753,53.98,92,90,4.61
116,Jamestown,US,2021-12-24 23:18:13,42.097,-79.2353,51.39,65,75,10.36
117,Hasaki,JP,2021-12-24 23:15:48,35.7333,140.8333,45.0,89,100,7.07
118,Mwene-Ditu,CD,2021-12-24 23:18:14,-7.0,23.45,64.83,97,100,3.67
119,Pevek,RU,2021-12-24 23:18:14,69.7008,170.3133,-22.97,100,80,1.81
120,Beringovskiy,RU,2021-12-24 23:18:14,63.05,179.3167,7.43,97,100,15.12
121,Buala,SB,2021-12-24 23:18:15,-8.145,159.5921,84.34,77,100,3.13
122,Hamilton,US,2021-12-24 23:18:15,39.1834,-84.5333,59.99,79,90,5.99
123,Matamoros,MX,2021-12-24 23:18:16,25.5333,-103.25,84.31,16,40,0.0
124,The Valley,AI,2021-12-24 23:18:16,18.217,-63.0578,79.11,78,20,3.44
125,Coahuayana,MX,2021-12-24 23:18:16,18.7333,-103.6833,85.48,56,0,5.77
126,Carnarvon,AU,2021-12-24 23:13:34,-24.8667,113.6333,75.27,83,0,11.5
127,Kemin,KG,2021-12-24 23:18:17,42.7846,75.6892,33.4,54,87,6.08
128,San Jeronimo,PE,2021-12-24 23:18:17,-11.9472,-75.2829,52.72,77,98,3.06
129,Sagara,JP,2021-12-24 23:18:18,34.6833,138.2,48.22,87,40,12.66
130,Qaanaaq,GL,2021-12-24 23:18:18,77.484,-69.3632,3.07,86,98,6.24
131,Laizhou,CN,2021-12-24 23:18:19,37.1717,119.9214,22.01,48,100,17.27
132,Dasoguz,TM,2021-12-24 23:18:19,41.8363,59.9666,26.55,86,90,13.8
133,Trairi,BR,2021-12-24 23:16:40,-3.2778,-39.2689,80.58,80,100,10.36
134,Hofn,IS,2021-12-24 23:18:20,64.2539,-15.2082,37.38,75,100,7.07
135,Padang,ID,2021-12-24 23:18:20,-0.9492,100.3543,75.25,86,43,3.91
136,Auki,SB,2021-12-24 23:18:20,-8.7676,160.7034,83.62,78,100,2.91
137,Alugan,PH,2021-12-24 23:18:21,12.2188,125.4808,80.4,81,95,9.91
138,Vanavara,RU,2021-12-24 23:18:21,60.34,102.2797,-20.94,96,90,3.18
139,Bajos De Haina,DO,2021-12-24 23:18:22,18.4154,-70.0332,80.33,89,75,6.91
140,Broome,US,2021-12-24 23:18:22,42.2506,-75.833,36.7,74,1,1.99
141,Hof,DE,2021-12-24 23:19:23,50.3167,11.9167,42.46,92,90,8.05
142,Khatanga,RU,2021-12-24 23:19:23,71.9667,102.5,-29.43,100,21,5.48
143,Mariental,NA,2021-12-24 23:19:24,-24.6333,17.9667,69.44,42,0,9.08
144,Brae,GB,2021-12-24 23:19:24,60.3964,-1.353,37.31,57,91,8.08
145,Codrington,AU,2021-12-24 23:19:24,-38.2667,141.9667,61.65,82,60,13.42
146,Garoua Boulai,CM,2021-12-24 23:19:25,5.8833,14.55,70.3,32,98,5.28
147,Mount Isa,AU,2021-12-24 23:19:25,-20.7333,139.5,94.77,20,85,6.91
148,Port Lincoln,AU,2021-12-24 23:19:26,-34.7333,135.8667,63.5,77,98,14.58
149,Kanata,CA,2021-12-24 23:19:26,45.3159,-75.8985,23.34,65,90,7.0
150,Severo-Kurilsk,RU,2021-12-24 23:19:26,50.6789,156.125,27.41,84,100,11.7
151,Kahului,US,2021-12-24 23:16:10,20.8947,-156.47,78.82,71,20,23.02
152,Alihe,CN,2021-12-24 23:19:27,50.5667,123.7167,-18.8,93,21,3.31
153,Homer,US,2021-12-24 23:19:28,59.6425,-151.5483,26.47,80,1,4.61
154,Canchungo,GW,2021-12-24 23:19:28,12.0672,-16.0333,75.33,75,98,5.73
155,Shitanjing,CN,2021-12-24 23:19:28,39.2342,106.3439,10.29,49,99,4.68
156,San Quintin,MX,2021-12-24 23:19:29,30.4833,-115.95,61.38,74,76,17.13
157,Grande Prairie,CA,2021-12-24 23:19:29,55.1667,-118.8027,-18.22,69,75,10.36
158,Sao Gabriel Da Cachoeira,BR,2021-12-24 23:19:30,-0.1303,-67.0892,80.13,76,45,2.53
159,Kudahuvadhoo,MV,2021-12-24 23:19:30,2.6708,72.8944,81.84,69,65,12.57
160,Valley Station,US,2021-12-24 23:19:31,38.1112,-85.8702,62.92,78,90,5.01
161,Sokoto,NG,2021-12-24 23:19:31,13.0609,5.239,71.42,19,4,10.76
162,Surt,LY,2021-12-24 23:19:31,31.2089,16.5887,58.55,73,0,5.75
163,Portland,US,2021-12-24 23:16:39,45.5234,-122.6762,41.83,92,90,4.0
164,Porto Walter,BR,2021-12-24 23:19:32,-8.2686,-72.7439,76.06,96,89,1.21
165,Mar Del Plata,AR,2021-12-24 23:17:11,-38.0023,-57.5575,72.88,82,100,11.01
166,Yumen,CN,2021-12-24 23:19:33,40.2833,97.2,12.65,65,2,14.45
167,Mastic Beach,US,2021-12-24 23:19:33,40.7668,-72.8521,37.67,89,90,0.0
168,Manaure,CO,2021-12-24 23:19:34,11.7751,-72.4445,80.71,76,58,14.58
169,La Paz,BO,2021-12-24 23:18:00,-16.5,-68.15,51.78,87,75,8.05
170,Comodoro Rivadavia,AR,2021-12-24 23:19:34,-45.8667,-67.5,76.86,33,0,12.66
171,Half Moon Bay,US,2021-12-24 23:15:21,37.4636,-122.4286,56.79,72,75,1.99
172,Nikolskoye,RU,2021-12-24 23:19:35,59.7035,30.7861,10.78,99,100,2.77
173,Nova Prata,BR,2021-12-24 23:19:35,-28.7839,-51.61,67.21,60,0,4.29
174,Mugur-Aksy,RU,2021-12-24 23:19:36,50.35,90.5,-3.75,46,43,5.77
175,Yashkul,RU,2021-12-24 23:19:36,46.1711,45.3435,18.84,71,11,9.6
176,Blois,FR,2021-12-24 23:19:37,47.5833,1.3333,49.37,95,100,5.91
177,Otaru,JP,2021-12-24 23:19:37,43.1894,141.0022,19.24,83,99,7.18
178,Blackwater,AU,2021-12-24 23:19:37,-23.5833,148.8833,74.84,76,99,11.72
179,Ponta Do Sol,PT,2021-12-24 23:19:38,32.6667,-17.1,66.83,86,100,13.42
180,Sambava,MG,2021-12-24 23:19:39,-14.2667,50.1667,75.38,89,73,5.1
181,Aklavik,CA,2021-12-24 23:19:39,68.2191,-135.0107,-6.88,77,90,8.05
182,Maniitsoq,GL,2021-12-24 23:19:39,65.4167,-52.9,28.54,50,12,6.49
183,New Norfolk,AU,2021-12-24 23:19:40,-42.7826,147.0587,68.76,41,57,3.0
184,Niigata,JP,2021-12-24 23:18:20,37.9022,139.0236,39.15,87,75,24.16
185,Chimbote,PE,2021-12-24 23:19:40,-9.0853,-78.5783,70.32,78,43,10.36
186,Quatre Cocos,MU,2021-12-24 23:19:41,-20.2078,57.7625,76.08,81,86,2.04
187,Sarkand,KZ,2021-12-24 23:20:41,45.41,79.9186,29.07,74,100,5.57
188,Victoria,HK,2021-12-24 23:17:16,22.2855,114.1577,67.24,84,31,5.01
189,Tolaga Bay,NZ,2021-12-24 23:20:42,-38.3667,178.3,66.13,81,96,14.23
190,Ilulissat,GL,2021-12-24 23:20:42,69.2167,-51.1,24.82,36,37,3.44
191,Coquimbo,CL,2021-12-24 23:16:20,-29.9533,-71.3436,62.33,88,0,11.5
192,Klaksvik,FO,2021-12-24 23:20:43,62.2266,-6.589,32.92,55,97,14.79
193,Dickinson,US,2021-12-24 23:20:43,29.4608,-95.0513,77.13,79,75,1.01
194,Fortuna,US,2021-12-24 23:20:43,40.5982,-124.1573,50.67,92,90,1.99
195,Birsk,RU,2021-12-24 23:20:44,55.4211,55.5428,-8.97,95,94,10.04
196,Saint-Pierre,RE,2021-12-24 23:20:44,-21.3393,55.4781,80.28,84,75,2.3
197,Port Elizabeth,ZA,2021-12-24 23:19:26,-33.918,25.5701,62.89,88,0,9.22
198,Charlottesville,US,2021-12-24 23:20:45,38.0293,-78.4767,59.02,66,100,4.16
199,Abasolo,MX,2021-12-24 23:20:45,20.45,-101.5167,81.34,13,0,4.59
200,San Policarpo,PH,2021-12-24 23:20:46,12.1791,125.5072,80.92,80,92,10.78
201,Iqaluit,CA,2021-12-24 23:20:46,63.7506,-68.5145,22.73,63,90,4.61
202,Saint-Philippe,RE,2021-12-24 23:20:47,-21.3585,55.7679,80.19,85,97,1.77
203,Payo,ID,2021-12-24 23:20:47,-3.7508,103.6372,71.2,98,82,1.59
204,Pangnirtung,CA,2021-12-24 23:20:47,66.1451,-65.7125,15.8,48,20,2.3
205,Deputatskiy,RU,2021-12-24 23:20:48,69.3,139.9,-36.27,100,85,3.65
206,Sorong,ID,2021-12-24 23:20:48,-0.8833,131.25,82.6,75,84,5.12
207,Youhao,CN,2021-12-24 23:20:49,47.8667,128.8333,-18.0,93,100,4.45
208,Ibra,OM,2021-12-24 23:20:49,22.6906,58.5334,64.35,62,0,3.4
209,Isangel,VU,2021-12-24 23:20:49,-19.55,169.2667,84.29,65,2,4.23
210,Farafenni,GM,2021-12-24 23:20:50,13.5667,-15.6,80.53,21,100,0.34
211,Masuguru,TZ,2021-12-24 23:20:50,-11.3667,38.4167,74.84,84,99,4.54
212,Panaba,MX,2021-12-24 23:20:51,21.2833,-88.2667,73.44,59,0,10.56
213,Lompoc,US,2021-12-24 23:20:51,34.6391,-120.4579,59.41,83,90,12.66
214,Santa Rosa,PH,2021-12-24 23:20:52,14.3122,121.1114,81.86,74,20,7.61
215,Japura,ID,2021-12-24 23:20:52,-0.3167,102.35,73.2,98,96,2.44
216,Ozernovskiy,RU,2021-12-24 23:20:53,51.5,156.5167,26.24,80,100,13.29
217,Povenets,RU,2021-12-24 23:20:53,62.8487,34.8262,3.42,97,100,1.5
218,Pisco,PE,2021-12-24 23:20:54,-13.7,-76.2167,69.85,73,0,14.97
219,Rivadavia,AR,2021-12-24 23:20:21,-33.1905,-68.4608,88.27,19,78,16.4
220,Igis,CH,2021-12-24 23:20:54,46.9453,9.5722,43.59,73,100,1.01
221,Callander,GB,2021-12-24 23:20:55,56.2441,-4.2164,39.18,78,92,9.01
222,College,US,2021-12-24 23:20:55,64.8569,-147.8028,-4.34,75,75,3.44
223,Skagen,DK,2021-12-24 23:20:55,57.7209,10.5839,36.88,41,2,22.37
224,Venice,US,2021-12-24 23:20:56,27.0998,-82.4543,69.98,71,1,0.0
225,Weihai,CN,2021-12-24 23:20:56,37.5017,122.1136,22.86,78,100,28.27
226,Jingdezhen,CN,2021-12-24 23:20:57,29.2947,117.2079,40.77,80,100,8.21
227,Lata,PT,2021-12-24 23:20:57,40.1629,-8.3327,54.91,96,100,5.35
228,Na Klang,TH,2021-12-24 23:20:58,17.3072,102.1889,70.75,99,57,4.59
229,Shepsi,RU,2021-12-24 23:20:59,44.0361,39.1489,42.73,71,100,29.71
230,Makat,KZ,2021-12-24 23:20:59,47.6469,53.3463,16.79,94,66,3.22
231,Monroe,US,2021-12-24 23:20:59,43.1501,-77.6831,40.41,84,75,9.22
232,Caxito,AO,2021-12-24 23:22:00,-8.5785,13.6643,77.65,85,98,0.96
233,Kargat,RU,2021-12-24 23:22:00,55.1956,80.2811,-8.39,100,61,3.0
234,Ribeira Grande,PT,2021-12-24 23:22:00,38.5167,-28.7,64.42,93,98,11.54
235,Fort Nelson,CA,2021-12-24 23:22:01,58.8053,-122.7002,-20.61,76,40,0.0
236,Corinto,GR,2021-12-24 23:22:01,37.9407,22.9573,53.46,78,1,5.73
237,Ouallam,NE,2021-12-24 23:22:02,14.3188,2.0866,74.32,16,52,8.72
238,Bougouni,ML,2021-12-24 23:22:02,11.417,-7.479,75.24,19,6,5.73
239,Talara,PE,2021-12-24 23:22:03,-4.5772,-81.2719,70.0,84,6,16.33
240,Gua Musang,MY,2021-12-24 23:22:03,4.8823,101.9644,72.21,99,85,1.05
241,Opuwo,NA,2021-12-24 23:21:18,-18.0607,13.84,66.61,33,94,10.2
242,Leh,IN,2021-12-24 23:22:04,34.1667,77.5833,3.51,81,98,2.93
243,Luderitz,NA,2021-12-24 23:22:04,-26.6481,15.1594,62.24,94,8,7.78
244,Nome,US,2021-12-24 23:22:05,64.5011,-165.4064,17.17,85,90,23.02
245,Oktyabrskiy,RU,2021-12-24 23:22:05,54.4815,53.471,-7.55,98,91,8.41
246,Honiara,SB,2021-12-24 23:21:42,-9.4333,159.95,86.99,69,62,2.89
247,Klyuchi,RU,2021-12-24 23:22:06,52.2667,79.1667,6.31,95,94,6.51
248,Vila Do Maio,CV,2021-12-24 23:22:07,15.1333,-23.2167,72.39,69,45,16.02
249,Sao Miguel Do Araguaia,BR,2021-12-24 23:22:07,-13.275,-50.1628,71.28,98,100,4.27
250,Inongo,CD,2021-12-24 23:22:08,-1.95,18.2667,72.37,90,100,3.78
251,Castro,BR,2021-12-24 23:22:08,-24.7911,-50.0119,59.83,81,8,8.21
252,Smalininkai,LT,2021-12-24 23:22:08,55.0735,22.5793,23.0,91,98,8.9
253,Wairoa,NZ,2021-12-24 23:22:09,-39.0333,177.3667,65.7,70,99,7.96
254,Skelleftea,SE,2021-12-24 23:22:09,64.7507,20.9528,19.76,59,75,3.0
255,Vaini,TO,2021-12-24 23:22:03,-21.2,-175.2,86.16,84,20,8.05
256,Zilair,RU,2021-12-24 23:22:10,52.2332,57.4392,-14.96,100,100,1.86
257,Arkhangelsk,RU,2021-12-24 23:22:10,64.5401,40.5433,14.11,85,90,11.18
258,Vestmannaeyjar,IS,2021-12-24 23:22:11,63.4427,-20.2734,38.73,76,76,21.43
259,Mizdah,LY,2021-12-24 23:22:11,31.4451,12.9801,50.45,52,0,3.96
260,Pangoa,PE,2021-12-24 23:22:12,-12.1167,-73.0,71.8,98,94,2.26
261,Kaitangata,NZ,2021-12-24 23:22:12,-46.2817,169.8464,61.93,70,0,7.61
262,Miandrivazo,MG,2021-12-24 23:22:12,-19.5167,45.4667,80.92,76,100,0.83
263,Airai,TL,2021-12-24 23:22:13,-8.9266,125.4092,59.67,97,100,3.31
264,Lincoln,US,2021-12-24 23:17:18,40.8,-96.667,57.29,52,1,1.01
265,Tura,IN,2021-12-24 23:22:13,25.5198,90.2201,55.78,63,30,3.94
266,Dhidhdhoo,MV,2021-12-24 23:21:14,6.8833,73.1,79.57,63,38,5.55
267,Aykhal,RU,2021-12-24 23:22:14,66.0,111.5,-17.1,87,17,5.66
268,Tessalit,ML,2021-12-24 23:22:15,20.1986,1.0114,66.83,16,100,9.57
269,Gamboma,CG,2021-12-24 23:22:15,-1.8764,15.8644,70.93,96,54,2.39
270,Upernavik,GL,2021-12-24 23:18:08,72.7868,-56.1549,6.84,97,94,12.68
271,Antofagasta,CL,2021-12-24 23:20:41,-23.65,-70.4,69.08,72,17,4.05
272,Saint-Leu,RE,2021-12-24 23:22:16,-21.15,55.2833,79.66,84,82,7.45
273,Dongsheng,CN,2021-12-24 23:22:16,39.8161,109.9776,1.51,24,7,7.38
274,Ilorin,NG,2021-12-24 23:22:17,8.5,4.55,81.77,30,24,4.56
275,Trinidad,BO,2021-12-24 23:22:17,-14.8333,-64.9,80.58,83,75,0.0
276,Mujiayingzi,CN,2021-12-24 23:22:17,42.1167,118.7833,-4.65,56,0,8.81
277,Grand Gaube,MU,2021-12-24 23:23:18,-20.0064,57.6608,76.37,85,61,3.98
278,Sabang,ID,2021-12-24 23:23:18,5.8933,95.3214,80.44,71,66,9.33
279,Conde,BR,2021-12-24 23:23:19,-7.2597,-34.9075,80.06,83,40,5.75
280,Evanton,GB,2021-12-24 23:23:19,57.6638,-4.34,39.13,89,22,8.28
281,Carballo,ES,2021-12-24 23:23:20,43.213,-8.691,56.75,88,63,8.55
282,Yar-Sale,RU,2021-12-24 23:23:20,66.8333,70.8333,12.58,93,100,15.37
283,Carutapera,BR,2021-12-24 23:23:21,-1.195,-46.02,79.3,83,78,7.56
284,Amapa,BR,2021-12-24 23:23:21,1.0,-52.0,72.75,98,64,2.53
285,Kondinskoye,RU,2021-12-24 23:23:21,59.6481,67.41,-3.17,93,95,13.51
286,Nagato,JP,2021-12-24 23:23:22,34.3833,131.2,48.11,61,57,22.1
287,Tasiilaq,GL,2021-12-24 23:22:06,65.6145,-37.6368,19.56,53,6,5.17
288,Urumqi,CN,2021-12-24 23:23:23,43.801,87.6005,11.35,92,90,4.47
289,Harrisonburg,US,2021-12-24 23:23:23,38.4496,-78.8689,58.19,47,75,6.91
290,Praia,CV,2021-12-24 23:23:23,14.9215,-23.5087,72.14,78,0,16.11
291,Nieves,PH,2021-12-24 23:23:24,15.3274,120.9485,73.51,89,10,2.73
292,Lovington,US,2021-12-24 23:23:24,32.944,-103.3485,74.64,30,56,5.99
293,Hwange,ZW,2021-12-24 23:23:25,-18.3693,26.5019,70.93,89,85,3.06
294,Seymchan,RU,2021-12-24 23:23:25,62.8833,152.4333,-18.31,95,100,7.38
295,Russell,US,2021-12-24 23:20:57,32.3502,-85.1999,63.68,70,1,4.61
296,Labuhan,ID,2021-12-24 23:23:26,-6.8844,112.2051,79.45,82,100,3.83
297,Dharchula,IN,2021-12-24 23:23:26,29.85,80.5333,42.76,40,34,7.74
298,Cururupu,BR,2021-12-24 23:23:27,-1.8283,-44.8683,79.41,80,91,3.62
299,Coihaique,CL,2021-12-24 23:23:27,-45.5752,-72.0662,67.95,49,75,8.05
300,Hovd,MN,2021-12-24 23:23:27,48.0056,91.6419,0.3,71,12,3.74
301,Naze,JP,2021-12-24 23:23:28,28.3667,129.4833,59.92,68,100,25.08
302,Anlu,CN,2021-12-24 23:23:28,31.1661,112.5831,31.68,64,99,14.47
303,Lazaro Cardenas,MX,2021-12-24 23:23:29,17.9583,-102.2,81.18,66,0,10.16
304,Solca,RO,2021-12-24 23:23:29,47.7,25.85,43.03,77,99,15.75
305,Tual,ID,2021-12-24 23:23:29,-5.6667,132.75,81.52,83,100,27.54
306,Santa Vitoria Do Palmar,BR,2021-12-24 23:23:30,-33.5189,-53.3681,68.63,76,1,14.81
307,Bilibino,RU,2021-12-24 23:23:30,68.0546,166.4372,-19.59,99,99,2.35
308,Meulaboh,ID,2021-12-24 23:23:31,4.1363,96.1285,74.62,84,41,2.73
309,Alofi,NU,2021-12-24 23:23:31,-19.0595,-169.9187,84.09,70,33,6.91
310,Stantsionno-Oyashinskiy,RU,2021-12-24 23:23:32,55.4664,83.8245,-6.65,100,92,3.15
311,Lasa,IT,2021-12-24 23:23:32,46.6166,10.7002,38.66,71,98,3.15
312,Kavaratti,IN,2021-12-24 23:23:33,10.5669,72.642,79.83,76,13,10.42
313,Beidao,CN,2021-12-24 23:23:33,34.5686,105.8933,32.65,86,100,4.21
314,Bethel,US,2021-12-24 23:21:58,41.3712,-73.414,33.58,86,1,3.44
315,Lashio,MM,2021-12-24 23:23:34,22.9333,97.75,46.31,89,0,1.92
316,Olhao,PT,2021-12-24 23:23:34,37.0286,-7.8411,60.69,94,40,12.66
317,Jalu,LY,2021-12-24 23:23:35,29.0331,21.5482,54.3,72,4,4.74
318,Chokurdakh,RU,2021-12-24 23:23:35,70.6333,147.9167,-38.15,100,100,6.4
319,Tilichiki,RU,2021-12-24 23:23:35,60.4667,166.1,-1.91,97,100,10.18
320,Yinchuan,CN,2021-12-24 23:23:36,38.4681,106.2731,14.67,34,16,7.96
321,Tiruchchendur,IN,2021-12-24 23:23:36,8.4833,78.1167,74.82,75,7,13.18
322,Lagoa,PT,2021-12-24 23:24:37,39.05,-27.9833,62.28,91,99,11.1
323,Xichang,CN,2021-12-24 23:24:37,27.8964,102.2634,36.36,90,7,1.39
324,Karangampel,ID,2021-12-24 23:24:38,-6.4622,108.4519,78.46,82,92,3.44
325,Ibotirama,BR,2021-12-24 23:24:38,-12.1853,-43.2206,69.64,98,100,1.52
326,Avera,US,2021-12-24 23:24:39,33.194,-82.5271,58.71,63,42,6.91
327,Arraial Do Cabo,BR,2021-12-24 23:24:39,-22.9661,-42.0278,73.02,74,11,12.84
328,Gympie,AU,2021-12-24 23:24:39,-26.1898,152.665,78.31,92,100,3.51
329,Vao,NC,2021-12-24 23:24:40,-22.6667,167.4833,74.86,82,33,15.48
330,Tarancon,ES,2021-12-24 23:24:40,40.0085,-3.0073,46.89,74,100,14.54
331,Fairbanks,US,2021-12-24 23:20:02,64.8378,-147.7164,-12.01,75,20,0.0
332,Vila,PT,2021-12-24 23:24:41,42.0304,-8.1588,43.68,95,74,5.53
333,Presidencia Roque Saenz Pena,AR,2021-12-24 23:24:41,-26.7852,-60.4388,81.36,27,2,6.4
334,Hanna,CA,2021-12-24 23:24:42,51.6334,-111.9018,-5.78,82,96,3.0
335,Sangmelima,CM,2021-12-24 23:24:42,2.9333,11.9833,70.83,83,44,2.93
336,Viedma,AR,2021-12-24 23:24:42,-40.8135,-62.9967,65.53,65,0,17.47
337,Inverbervie,GB,2021-12-24 23:24:43,56.8446,-2.28,38.14,67,77,20.33
338,Tazovskiy,RU,2021-12-24 23:24:43,67.4667,78.7,10.98,94,99,14.67
339,Raga,SS,2021-12-24 23:24:44,8.4596,25.678,71.51,24,67,3.69
340,Caldas Da Rainha,PT,2021-12-24 23:24:44,39.4033,-9.1384,60.03,94,100,7.0
341,Vostok,RU,2021-12-24 23:22:00,46.4856,135.8833,-32.17,100,100,2.28
342,Poum,NC,2021-12-24 23:24:45,-20.2333,164.0167,81.99,74,13,12.39
343,Healdsburg,US,2021-12-24 23:24:45,38.6105,-122.8692,53.73,81,90,13.0
344,Zyuzelskiy,RU,2021-12-24 23:24:46,56.4856,60.1331,-1.86,88,100,11.72
345,Thinadhoo,MV,2021-12-24 23:21:14,0.5333,72.9333,79.65,81,40,6.82
346,Olafsvik,IS,2021-12-24 23:24:46,64.8945,-23.7142,35.82,72,95,9.46
347,Korla,CN,2021-12-24 23:24:47,41.7597,86.1469,22.89,63,4,3.96
348,Soavinandriana,MG,2021-12-24 23:24:47,-19.1667,46.7333,63.59,91,100,1.97
349,Tetouan,MA,2021-12-24 23:24:48,35.5711,-5.3724,59.79,100,40,2.3
350,Hervey Bay,AU,2021-12-24 23:24:48,-25.2986,152.8535,84.04,76,100,4.0
351,Kizukuri,JP,2021-12-24 23:24:49,40.8061,140.3861,27.1,79,100,15.88
352,Cherskiy,RU,2021-12-24 23:24:49,68.75,161.3,-21.75,98,100,4.45
353,Cabo San Lucas,MX,2021-12-24 23:24:50,22.8909,-109.9124,81.61,54,40,4.61
354,Fuxin,CN,2021-12-24 23:24:50,42.0156,121.6589,-3.59,61,0,9.42
355,Xuddur,SO,2021-12-24 23:24:50,4.1213,43.8894,72.27,72,81,14.45
356,Tome,CL,2021-12-24 23:21:00,-36.6167,-72.95,68.61,54,2,10.89
357,Mamallapuram,IN,2021-12-24 23:24:51,12.6264,80.1722,74.05,70,31,4.23
358,Hualmay,PE,2021-12-24 23:24:51,-11.0964,-77.6139,70.02,80,96,8.99
359,Faanui,PF,2021-12-24 23:24:52,-16.4833,-151.75,82.42,70,49,16.17
360,Natal,BR,2021-12-24 23:22:29,-5.795,-35.2094,83.05,78,40,5.75
361,Warrnambool,AU,2021-12-24 23:24:53,-38.3833,142.4833,65.8,80,39,12.8
362,Kismayo,SO,2021-12-24 23:24:53,-0.3582,42.5454,79.81,83,91,8.34
363,Korsakov,RU,2021-12-24 23:24:53,46.6328,142.7813,19.24,81,100,24.2
364,Rapid Valley,US,2021-12-24 23:24:54,44.0625,-103.1463,36.77,57,40,3.0
365,Yuncheng,CN,2021-12-24 23:24:54,35.0231,110.9928,25.34,66,86,6.26
366,Cidreira,BR,2021-12-24 23:24:55,-30.1811,-50.2056,70.9,73,3,16.49
367,Bunia,CD,2021-12-24 23:24:55,1.5667,30.25,63.25,88,94,3.2
368,Yeniseysk,RU,2021-12-24 23:25:56,58.4497,92.1703,0.16,89,98,5.06
369,Saint George,US,2021-12-24 23:22:46,37.1041,-113.5841,57.67,53,1,3.0
370,Kaiyuan,CN,2021-12-24 23:25:56,23.6977,103.3037,46.85,93,9,1.95
371,Ubala,CO,2021-12-24 23:25:57,4.7478,-72.5369,86.14,50,100,5.26
372,Mayo,US,2021-12-24 23:25:57,38.8876,-76.5119,51.42,71,1,1.99
373,Tecalitlan,MX,2021-12-24 23:25:57,19.4667,-103.3,72.05,51,0,6.51
374,Bandarbeyla,SO,2021-12-24 23:23:38,9.4942,50.8122,75.25,68,10,10.25
375,Vallenar,CL,2021-12-24 23:25:58,-28.5708,-70.7581,76.95,43,22,7.47
376,Samarai,PG,2021-12-24 23:25:59,-10.6167,150.6667,83.43,73,37,7.85
377,Pitiquito,MX,2021-12-24 23:25:59,30.7,-112.0833,68.4,64,100,16.73
378,Biak,ID,2021-12-24 23:26:00,-0.9131,122.8766,78.53,75,84,4.25
379,Heihe,CN,2021-12-24 23:26:00,50.2441,127.4902,-21.42,86,25,7.4
380,Vila Franca Do Campo,PT,2021-12-24 23:26:00,37.7167,-25.4333,63.19,95,92,8.19
381,Norman Wells,CA,2021-12-24 23:26:01,65.282,-126.8329,-21.96,69,90,2.3
382,Puerto Escondido,MX,2021-12-24 23:26:01,15.85,-97.0667,83.23,65,20,6.91
383,San Jose,US,2021-12-24 23:24:59,37.3394,-121.895,56.8,64,75,1.01
384,Churapcha,RU,2021-12-24 23:26:02,62.0025,132.4325,-56.49,100,72,2.13
385,Chegdomyn,RU,2021-12-24 23:26:02,51.1167,133.0167,-21.35,98,100,1.12
386,Maloy,NO,2021-12-24 23:26:03,61.9353,5.1136,31.06,64,99,14.34
387,Caravelas,BR,2021-12-24 23:24:14,-17.7125,-39.2481,70.29,95,100,7.54
388,Zhigansk,RU,2021-12-24 23:26:03,66.7697,123.3711,-45.62,100,92,4.27
389,Pontianak,ID,2021-12-24 23:26:04,-0.0333,109.3333,73.38,100,20,4.61
390,Nanakuli,US,2021-12-24 23:26:05,21.3906,-158.1547,80.55,55,40,10.36
391,Almeirim,BR,2021-12-24 23:26:05,-1.5233,-52.5817,79.7,77,58,3.62
392,Rawson,AR,2021-12-24 23:26:05,-43.3002,-65.1023,65.98,52,0,14.27
393,Kamenka,RU,2021-12-24 23:26:06,51.3223,42.7678,9.75,89,54,18.95
394,Rorvik,NO,2021-12-24 23:26:06,64.8621,11.2373,37.36,62,100,29.53
395,Midland,US,2021-12-24 23:26:07,31.9974,-102.0779,81.27,19,1,13.8
396,San Juan,AR,2021-12-24 23:26:07,-31.5375,-68.5364,94.03,18,21,17.27
397,Gumrak,RU,2021-12-24 23:26:08,48.7826,44.3824,10.31,79,0,22.37
398,Rio Gallegos,AR,2021-12-24 23:26:08,-51.6226,-69.2181,75.25,31,75,11.5
399,Matay,EG,2021-12-24 23:26:09,28.419,30.7792,51.78,68,19,8.28
400,Namatanai,PG,2021-12-24 23:26:09,-3.6667,152.4333,81.28,79,100,10.11
401,Zeerust,ZA,2021-12-24 23:26:10,-25.5369,26.0751,63.41,35,2,2.95
402,Bucarasica,CO,2021-12-24 23:26:10,8.041,-72.8654,72.5,97,97,0.63
403,Palmer,US,2021-12-24 23:26:10,42.1584,-72.3287,27.86,77,88,2.75
404,Mizan Teferi,ET,2021-12-24 23:26:11,6.9833,35.5833,62.71,88,93,2.26
405,Saskylakh,RU,2021-12-24 23:26:11,71.9167,114.0833,-40.22,100,49,2.48
406,Jacobina,BR,2021-12-24 23:26:12,-11.1806,-40.5183,71.69,95,99,4.36
407,Doha,QA,2021-12-24 23:26:12,25.2867,51.5333,67.98,66,0,3.44
408,San Jose De Guanipa,VE,2021-12-24 23:26:12,8.8872,-64.1651,82.63,60,47,13.02
409,Salas,ES,2021-12-24 23:26:13,43.4118,-6.2602,49.96,84,100,4.18
410,Beloha,MG,2021-12-24 23:26:13,-25.1667,45.05,72.54,93,100,7.56
411,Odweyne,SO,2021-12-24 23:25:17,9.4092,45.064,65.7,55,69,4.21
412,Golden,US,2021-12-24 23:27:14,39.7555,-105.2211,44.38,81,75,3.0
413,Nevsehir,TR,2021-12-24 23:27:15,38.9167,34.6667,16.81,86,6,5.75
414,Guerrero Negro,MX,2021-12-24 23:27:15,27.9769,-114.0611,69.39,66,74,13.0
415,Anadyr,RU,2021-12-24 23:27:15,64.75,177.4833,7.3,84,40,11.18
416,Anjiang,CN,2021-12-24 23:27:16,27.3194,110.1031,43.2,91,100,5.17
417,Hereford,GB,2021-12-24 23:26:10,52.0568,-2.7148,49.33,97,100,4.68
418,Pajapan,MX,2021-12-24 23:27:17,18.25,-94.7,71.76,80,0,5.84
419,Bahia Blanca,AR,2021-12-24 23:24:12,-38.7196,-62.2724,76.06,59,0,15.32
420,Pocone,BR,2021-12-24 23:27:18,-16.2567,-56.6228,75.61,96,84,1.61
421,Baherden,TM,2021-12-24 23:27:18,38.4362,57.4316,38.19,69,49,2.01
422,Clive,US,2021-12-24 23:26:29,41.603,-93.7241,53.26,77,90,5.99
423,Rantepao,ID,2021-12-24 23:27:19,-2.9701,119.8978,67.96,89,100,2.77
424,Gizo,SB,2021-12-24 23:27:19,-8.103,156.8419,84.2,74,100,4.59
425,Port Townsend,US,2021-12-24 23:27:20,48.117,-122.7605,42.62,88,90,11.99
426,Okahandja,NA,2021-12-24 23:27:20,-21.9833,16.9167,68.31,32,0,6.04
427,Mareeba,AU,2021-12-24 23:27:21,-17.0,145.4333,91.33,62,98,1.41
428,Fort Saint James,CA,2021-12-24 23:27:21,54.4333,-124.25,-0.67,69,0,8.41
429,Paita,PE,2021-12-24 23:27:22,-5.0892,-81.1144,70.63,80,10,16.42
430,Riberalta,BO,2021-12-24 23:27:22,-10.9833,-66.1,84.4,74,40,0.0
431,Nadym,RU,2021-12-24 23:27:23,65.5333,72.5167,7.39,87,100,20.49
432,Zhangye,CN,2021-12-24 23:27:23,38.9342,100.4517,17.62,71,2,6.15
433,Chatakonda,IN,2021-12-24 23:27:24,17.55,80.65,62.89,93,0,1.23
434,Bambous Virieux,MU,2021-12-24 23:23:40,-20.3428,57.7575,76.21,88,20,5.75
435,Aitape,PG,2021-12-24 23:27:24,-3.1374,142.3475,80.91,83,99,3.74
436,Yeppoon,AU,2021-12-24 23:27:25,-23.1333,150.7333,80.38,63,99,6.64
437,Bowen,AU,2021-12-24 23:27:25,-20.0167,148.2333,84.42,64,77,7.23
438,Saint Anthony,US,2021-12-24 23:27:26,45.0205,-93.218,40.78,87,1,1.01
439,Puerto Del Rosario,ES,2021-12-24 23:27:26,28.5004,-13.8627,64.15,77,84,0.0
440,Malazgirt,TR,2021-12-24 23:27:26,39.1427,42.5401,5.59,95,98,0.47
441,Burnie,AU,2021-12-24 23:27:27,-41.0667,145.9167,62.92,59,68,9.1
442,San Patricio,US,2021-12-24 23:27:27,28.017,-97.5169,81.28,69,99,16.84
443,Mahon,ES,2021-12-24 23:27:28,39.8885,4.2658,57.76,94,0,5.75
444,Alta Floresta,BR,2021-12-24 23:27:28,-9.8756,-56.0861,71.31,98,100,3.27
445,Northam,GB,2021-12-24 23:27:29,51.0333,-4.2167,52.3,96,78,8.37
446,Terney,RU,2021-12-24 23:27:29,45.0503,136.6092,-13.58,86,82,15.3
447,Lorengau,PG,2021-12-24 23:27:29,-2.0226,147.2712,83.88,74,100,7.4
448,Guasdualito,VE,2021-12-24 23:27:30,7.2424,-70.7324,89.6,58,99,2.3
449,Grindavik,IS,2021-12-24 23:27:30,63.8424,-22.4338,36.07,75,0,11.5
450,Houma,US,2021-12-24 23:27:31,29.5958,-90.7195,73.4,79,40,5.75
451,Denia,ES,2021-12-24 23:27:31,38.8408,0.1057,60.8,83,99,3.6
452,Kautokeino,NO,2021-12-24 23:27:31,69.0125,23.0412,13.53,96,100,7.07
453,Dunedin,NZ,2021-12-24 23:24:48,-45.8742,170.5036,59.81,73,18,8.99
454,Sovetskiy,RU,2021-12-24 23:27:32,61.3614,63.5842,1.71,92,100,9.51
455,Celestun,MX,2021-12-24 23:28:33,20.8667,-90.4,76.48,58,0,14.56
456,Tank,PK,2021-12-24 23:28:33,32.2217,70.3793,56.5,32,73,2.95
457,Esperance,AU,2021-12-24 23:28:33,-33.8667,121.9,69.64,76,1,13.02
458,Waiuku,NZ,2021-12-24 23:28:34,-37.25,174.75,81.09,78,72,5.44
459,Ritchie,ZA,2021-12-24 23:28:34,-29.038,24.6028,61.81,36,11,8.21
460,Lubao,PH,2021-12-24 23:28:35,14.9167,120.55,78.15,87,10,4.81
461,Sibolga,ID,2021-12-24 23:28:35,1.7427,98.7792,74.79,85,63,3.24
462,Campbell River,CA,2021-12-24 23:24:07,50.0163,-125.2446,32.59,91,90,5.75
463,Kibray,UZ,2021-12-24 23:28:36,41.3873,69.4641,41.52,46,95,5.68
464,Ayan,RU,2021-12-24 23:28:36,56.45,138.1667,-20.7,76,100,11.74
465,Sisimiut,GL,2021-12-24 23:28:37,66.9395,-53.6735,21.61,58,30,11.05
466,Port-Gentil,GA,2021-12-24 23:28:37,-0.7193,8.7815,80.11,84,24,13.96
467,Khakhea,BW,2021-12-24 23:28:38,-24.6895,23.494,75.97,25,11,11.01
468,Qaqortoq,GL,2021-12-24 23:28:38,60.7167,-46.0333,43.3,59,79,13.8
469,Pringsewu,ID,2021-12-24 23:28:39,-5.3582,104.9744,72.66,97,84,1.3
470,Tete,MZ,2021-12-24 23:28:39,-16.1564,33.5867,75.88,90,95,1.74
471,Rabaul,PG,2021-12-24 23:28:40,-4.1967,152.1721,81.28,77,100,6.64
472,La Primavera,CO,2021-12-24 23:28:40,5.4906,-70.4092,86.56,53,99,4.92
473,Dutlwe,BW,2021-12-24 23:28:41,-23.9833,23.9,77.52,27,65,8.21
474,Teguldet,RU,2021-12-24 23:28:41,57.3064,88.1667,10.94,100,95,2.8
475,Ekhabi,RU,2021-12-24 23:28:41,53.5102,142.9671,-8.37,95,98,20.62
476,Porto Santo,PT,2021-12-24 23:28:42,33.072,-16.3415,66.58,72,20,20.71
477,Linxia,CN,2021-12-24 23:28:42,35.6003,103.2064,19.13,81,96,2.1
478,Lucapa,AO,2021-12-24 23:28:43,-8.4192,20.7447,64.42,99,91,3.13
479,Aracuai,BR,2021-12-24 23:28:43,-16.8497,-42.0703,69.51,98,100,3.27
480,Shingu,JP,2021-12-24 23:28:44,33.7333,135.9833,52.92,78,77,9.8
481,Carpentras,FR,2021-12-24 23:28:44,44.0833,5.1667,52.32,86,100,5.59
482,Santarem,BR,2021-12-24 23:28:44,-2.4431,-54.7083,78.93,94,40,3.44
483,Tocopilla,CL,2021-12-24 23:28:45,-22.092,-70.1979,70.83,70,14,2.3
484,Kabompo,ZM,2021-12-24 23:28:45,-13.5927,24.2008,64.06,97,100,4.03
485,Clyde River,CA,2021-12-24 23:28:46,70.4692,-68.5914,-0.17,85,75,14.97
486,Cikupa,ID,2021-12-24 23:28:46,-6.2364,106.5083,82.36,85,95,6.82
487,Puerto Baquerizo Moreno,EC,2021-12-24 23:28:47,-0.9,-89.6,70.97,84,57,11.52
488,Katherine,AU,2021-12-24 23:28:47,-14.4667,132.2667,79.12,83,100,8.05
489,Sao Felix Do Xingu,BR,2021-12-24 23:28:48,-6.6447,-51.995,71.64,98,100,1.1
490,Krasnyy Yar,RU,2021-12-24 23:28:48,46.5331,48.3456,22.93,96,95,9.35
491,Wawa,NG,2021-12-24 23:28:48,9.9022,4.4192,80.01,28,12,6.96
492,Kotlas,RU,2021-12-24 23:28:49,61.2611,46.6556,12.29,90,100,10.8
493,Okhotsk,RU,2021-12-24 23:28:49,59.3833,143.3,-16.69,79,100,14.29
494,Cornwall,CA,2021-12-24 23:28:50,45.0181,-74.7281,25.99,68,1,5.75
495,Kavieng,PG,2021-12-24 23:28:50,-2.5744,150.7967,82.76,77,100,2.26
496,Pitimbu,BR,2021-12-24 23:28:50,-7.4706,-34.8086,81.19,78,68,16.8
497,Devonport,AU,2021-12-24 23:28:51,-41.1667,146.35,67.08,60,47,9.55
498,Bukama,CD,2021-12-24 23:29:51,-9.2,25.85,69.84,97,100,2.39
499,Morondava,MG,2021-12-24 23:29:52,-20.2833,44.2833,78.37,86,81,3.51
500,The Pas,CA,2021-12-24 23:29:52,53.8251,-101.2541,-5.78,65,1,17.27
501,Salym,RU,2021-12-24 23:29:53,60.0625,71.4789,-0.98,90,100,12.59
502,Mut,TR,2021-12-24 23:29:53,36.6439,33.4389,35.73,44,0,0.96
503,Okha,RU,2021-12-24 23:29:54,53.5739,142.9478,-7.76,95,93,20.65
504,Itaueira,BR,2021-12-24 23:29:54,-7.6033,-43.0256,77.41,84,100,3.8
505,Spokane,US,2021-12-24 23:29:54,47.6166,-117.3677,37.06,81,90,1.01
506,Rundu,NA,2021-12-24 23:29:55,-17.9333,19.7667,70.95,69,65,9.35
507,Kloulklubed,PW,2021-12-24 23:29:55,7.0419,134.2556,82.9,77,41,16.4
508,Saurimo,AO,2021-12-24 23:29:56,-9.6608,20.3916,62.31,98,92,2.42
509,San Vicente,AR,2021-12-24 23:29:56,-26.6167,-54.1333,78.78,37,32,2.98
510,Mgandu,TZ,2021-12-24 23:29:57,-5.95,34.1333,65.43,73,100,4.63
511,Ponta Delgada,PT,2021-12-24 23:29:57,37.7333,-25.6667,63.5,94,75,8.05
512,Camocim,BR,2021-12-24 23:29:58,-2.9022,-40.8411,80.64,81,91,12.55
513,Bonavista,CA,2021-12-24 23:29:58,48.6499,-53.1147,26.11,64,94,34.9
514,Ahipara,NZ,2021-12-24 23:27:19,-35.1667,173.1667,73.47,52,3,7.61
515,Omaruru,NA,2021-12-24 23:29:59,-21.4333,15.9333,62.26,40,0,2.06
516,Geraldton,AU,2021-12-24 23:27:49,-28.7667,114.6,91.81,15,0,17.27
517,Hirara,JP,2021-12-24 23:30:00,24.8,125.2833,68.27,73,75,23.02
518,Kiama,AU,2021-12-24 23:30:01,-34.6833,150.8667,82.99,70,21,8.01
519,Mandera,KE,2021-12-24 23:30:01,3.9366,41.867,80.29,68,91,16.2
520,Hegang,CN,2021-12-24 23:30:01,47.4,130.3667,-16.92,86,91,5.82
521,Karasjok,NO,2021-12-24 23:30:02,69.4719,25.5112,8.71,94,82,7.63
522,Kuvandyk,RU,2021-12-24 23:30:02,51.4781,57.3552,-9.2,100,97,2.24
523,Tetelzingo,MX,2021-12-24 23:30:03,19.0667,-97.15,50.23,84,0,0.16
524,Waingapu,ID,2021-12-24 23:30:04,-9.6567,120.2641,81.66,82,100,3.96
525,Ostersund,SE,2021-12-24 23:30:04,63.1792,14.6357,16.25,92,63,13.8
526,Lakhnadon,IN,2021-12-24 23:30:05,22.6,79.6,57.79,50,0,4.43
527,Werda,BW,2021-12-24 23:30:06,-25.2667,23.2833,74.46,26,0,8.99
528,Mersing,MY,2021-12-24 23:30:07,2.4312,103.8405,80.51,83,90,6.91
529,Quepos,CR,2021-12-24 23:30:07,9.4236,-84.1652,81.7,84,79,1.72
530,Winnemucca,US,2021-12-24 23:30:08,40.973,-117.7357,42.85,52,75,19.57
531,Murgab,TM,2021-12-24 23:30:08,37.4966,61.9714,39.07,70,90,6.91
532,Nizhnyaya Omka,RU,2021-12-24 23:30:09,55.4338,74.9426,-4.76,94,57,5.86
533,Poykovskiy,RU,2021-12-24 23:30:09,61.2333,73.3333,3.49,77,40,17.9
534,Kendal,GB,2021-12-24 23:30:10,54.3268,-2.7476,42.73,93,100,14.9
535,Capao Bonito,BR,2021-12-24 23:30:10,-24.0058,-48.3494,58.73,90,26,7.4
536,Machiques,VE,2021-12-24 23:30:11,10.0644,-72.545,81.19,72,99,7.56
537,Nago,JP,2021-12-24 23:30:11,26.5881,127.9761,66.63,71,97,22.5
538,Ballina,AU,2021-12-24 23:30:12,-28.8667,153.5667,75.24,49,40,11.5
539,Havre-Saint-Pierre,CA,2021-12-24 23:30:12,50.2334,-63.5986,21.2,67,90,25.32
540,Aranos,NA,2021-12-24 23:30:13,-24.1333,19.1167,70.32,28,0,14.85
541,Chau Doc,VN,2021-12-24 23:26:30,10.7,105.1167,71.67,94,90,3.83
542,Manta,EC,2021-12-24 23:31:13,-0.95,-80.7333,78.58,73,75,11.5
543,Orzinuovi,IT,2021-12-24 23:31:14,45.404,9.9216,43.45,92,100,2.77
544,Totness,SR,2021-12-24 23:31:14,5.8833,-56.3167,77.2,89,100,10.65
545,Gorom-Gorom,BF,2021-12-24 23:31:14,14.4439,-0.2361,74.43,14,94,8.14
546,Shellbrook,CA,2021-12-24 23:31:15,53.2168,-106.4011,-10.17,90,100,11.48
547,Adre,TD,2021-12-24 23:31:15,13.4667,22.2,64.22,21,4,16.91
548,Taoudenni,ML,2021-12-24 23:27:09,22.6783,-3.9836,69.12,24,87,9.55
549,Piacabucu,BR,2021-12-24 23:31:16,-10.4056,-36.4344,80.31,85,84,14.52
550,Tshane,BW,2021-12-24 23:31:16,-24.0196,21.8684,76.42,23,2,7.96
551,Robore,BO,2021-12-24 23:31:17,-18.3333,-59.75,82.49,78,75,0.0
552,Orcopampa,PE,2021-12-24 23:31:17,-15.2661,-72.3417,46.11,92,100,4.79
553,Nenjiang,CN,2021-12-24 23:31:18,49.1833,125.2167,-29.27,93,16,2.01
554,Shetpe,KZ,2021-12-24 23:31:18,44.1667,52.1167,20.71,56,0,8.66
555,Hami,CN,2021-12-24 23:31:19,42.8,93.45,25.56,51,0,2.17
556,Hede,CN,2021-12-24 23:31:19,33.7681,120.2517,29.84,53,66,14.97
557,Bengkulu,ID,2021-12-24 23:31:20,-3.8004,102.2655,75.74,88,78,4.38
558,Saint-Georges,GD,2021-12-24 23:31:20,12.0564,-61.7485,78.48,89,75,12.66
559,Martapura,ID,2021-12-24 23:31:20,-3.4167,114.85,75.29,94,40,4.61
560,Wagar,SD,2021-12-24 23:31:21,16.1525,36.2032,69.58,77,1,13.09
561,Payakumbuh,ID,2021-12-24 23:31:21,-0.2202,100.6308,69.85,96,81,1.77
562,Adrar,MR,2021-12-24 23:31:22,20.5022,-10.0711,64.87,28,33,8.77
