City_ID,City,Country,Date,Lat,Lng,Max Temp,Humidity,Cloudiness,Wind Speed,Description
0,Cabedelo,BR,2021-12-28 08:20:58,-6.9811,-34.8339,77.67,82,46,11.45,scattered clouds
1,Mecca,SA,2021-12-28 08:24:44,21.4267,39.8261,77.76,54,96,5.68,overcast clouds
2,Tasiilaq,GL,2021-12-28 08:18:31,65.6145,-37.6368,8.76,80,11,5.28,few clouds
3,New Norfolk,AU,2021-12-28 08:25:36,-42.7826,147.0587,69.91,42,1,5.48,clear sky
4,Kavieng,PG,2021-12-28 08:27:55,-2.5744,150.7967,83.59,72,60,4.74,broken clouds
5,Rikitea,PF,2021-12-28 08:25:37,-23.1203,-134.9692,75.38,86,100,22.3,light rain
6,Thompson,CA,2021-12-28 08:20:46,55.7435,-97.8558,-14.64,76,20,6.91,few clouds
7,Albany,US,2021-12-28 08:20:52,42.6001,-73.9662,34.66,90,100,4.59,overcast clouds
8,Isangel,VU,2021-12-28 08:25:38,-19.55,169.2667,81.93,79,100,1.74,overcast clouds
9,Shubarshi,KZ,2021-12-28 08:27:56,48.5872,57.1869,27.41,95,100,4.36,light snow
10,Alibag,IN,2021-12-28 08:25:39,18.6411,72.8792,84.27,51,4,8.08,clear sky
11,Iquique,CL,2021-12-28 08:27:56,-20.2208,-70.1431,69.84,78,23,3.87,few clouds
12,Busselton,AU,2021-12-28 08:27:57,-33.65,115.3333,103.08,31,7,15.99,clear sky
13,Gagra,GE,2021-12-28 08:25:39,43.3283,40.2239,52.72,74,83,2.95,broken clouds
14,Hithadhoo,MV,2021-12-28 08:25:40,-0.6,73.0833,82.02,73,40,11.88,scattered clouds
15,Pisco,PE,2021-12-28 08:25:40,-13.7,-76.2167,67.01,94,90,5.75,overcast clouds
16,Ixtapa,MX,2021-12-28 08:25:41,20.7,-105.2,70.23,91,0,2.39,clear sky
17,Thurso,GB,2021-12-28 08:25:41,58.5927,-3.5259,39.15,90,100,4.65,overcast clouds
18,Razdolnoye,RU,2021-12-28 08:25:42,43.55,131.9167,9.01,66,7,0.63,clear sky
19,Punta Arenas,CL,2021-12-28 08:25:42,-53.15,-70.9167,44.71,70,20,5.75,few clouds
20,Brighton,GB,2021-12-28 08:22:27,50.8284,-0.1395,51.31,87,20,15.01,few clouds
21,Assis,BR,2021-12-28 08:25:43,-22.6617,-50.4122,71.49,64,74,2.86,broken clouds
22,Margate,GB,2021-12-28 08:25:43,51.3813,1.3862,51.96,91,100,4.0,overcast clouds
23,Isiro,CD,2021-12-28 08:25:44,2.7739,27.616,78.91,70,77,2.8,light rain
24,Santa Catalina,PH,2021-12-28 08:25:44,9.3337,122.8637,82.42,74,58,12.66,light rain
25,Coihueco,CL,2021-12-28 08:21:55,-36.6167,-71.8333,57.94,88,4,3.44,clear sky
26,Kahului,US,2021-12-28 08:28:00,20.8947,-156.47,73.42,70,1,10.36,clear sky
27,Bubaque,GW,2021-12-28 08:25:45,11.2833,-15.8333,79.0,66,54,5.06,broken clouds
28,Avarua,CK,2021-12-28 08:24:41,-21.2078,-159.775,75.25,78,40,4.61,scattered clouds
29,Ushuaia,AR,2021-12-28 08:15:53,-54.8,-68.3,42.46,75,75,11.5,broken clouds
30,Kapaa,US,2021-12-28 08:22:35,22.0752,-159.319,75.52,75,20,3.0,light rain
31,Narok,KE,2021-12-28 08:23:42,-1.0783,35.8601,74.28,45,100,8.72,overcast clouds
32,Iqaluit,CA,2021-12-28 08:18:29,63.7506,-68.5145,13.73,85,90,2.3,overcast clouds
33,Jamestown,US,2021-12-28 08:25:58,42.097,-79.2353,38.17,65,75,8.99,broken clouds
34,Barrow,US,2021-12-28 08:24:09,71.2906,-156.7887,-18.38,76,1,6.91,clear sky
35,Upernavik,GL,2021-12-28 08:25:46,72.7868,-56.1549,-5.06,74,81,4.92,broken clouds
36,Castro,BR,2021-12-28 08:25:47,-24.7911,-50.0119,58.53,94,14,2.1,few clouds
37,Monrovia,LR,2021-12-28 08:25:47,6.3005,-10.7969,76.77,82,99,1.95,light rain
38,Mataura,NZ,2021-12-28 08:19:46,-46.1927,168.8643,54.48,90,29,4.97,scattered clouds
39,Puerto Ayora,EC,2021-12-28 08:28:02,-0.7393,-90.3518,68.47,84,68,6.64,broken clouds
40,Port Hedland,AU,2021-12-28 08:25:48,-20.3167,118.5667,107.65,12,18,19.57,few clouds
41,Bluff,NZ,2021-12-28 08:25:48,-46.6,168.3333,54.81,75,19,13.38,few clouds
42,Karpathos,GR,2021-12-28 08:25:49,35.507,27.2132,62.56,72,40,10.36,scattered clouds
43,Tiksi,RU,2021-12-28 08:28:03,71.6872,128.8694,-17.57,100,100,6.4,overcast clouds
44,Berlevag,NO,2021-12-28 08:25:49,70.8578,29.0864,24.75,54,40,5.75,scattered clouds
45,Terra Santa,BR,2021-12-28 08:25:50,-2.1042,-56.4869,73.67,98,100,1.66,overcast clouds
46,Tuktoyaktuk,CA,2021-12-28 08:28:04,69.4541,-133.0374,-14.37,94,100,18.7,overcast clouds
47,Hilo,US,2021-12-28 08:25:51,19.7297,-155.09,71.33,43,90,10.36,light rain
48,Lata,PT,2021-12-28 08:29:05,40.1629,-8.3327,59.81,95,98,5.19,overcast clouds
49,Olinda,BR,2021-12-28 08:29:06,-8.0089,-34.8553,80.33,74,40,5.75,scattered clouds
50,Bekhtery,UA,2021-12-28 08:29:06,46.251,32.2927,44.01,99,100,18.32,overcast clouds
51,Cayenne,GF,2021-12-28 08:29:07,4.9333,-52.3333,79.09,89,75,3.0,broken clouds
52,Mahanje,TZ,2021-12-28 08:29:07,-9.9333,35.3333,88.25,28,14,7.23,few clouds
53,Chapais,CA,2021-12-28 08:29:08,49.7834,-74.8492,-4.22,89,100,5.39,overcast clouds
54,Rio Cuarto,AR,2021-12-28 08:29:08,-33.1307,-64.3499,78.67,40,100,8.43,overcast clouds
55,Lebu,CL,2021-12-28 08:29:09,-37.6167,-73.65,56.08,94,100,13.27,overcast clouds
56,Dikson,RU,2021-12-28 08:29:09,73.5069,80.5464,-8.25,91,46,9.48,scattered clouds
57,Marienburg,PL,2021-12-28 08:29:09,54.0359,19.0266,20.84,86,24,14.03,few clouds
58,Zorgo,BF,2021-12-28 08:29:10,12.2489,-0.6158,71.73,14,100,12.86,overcast clouds
59,Mvuma,ZW,2021-12-28 08:29:10,-19.2792,30.5283,85.03,29,15,10.74,few clouds
60,Nome,US,2021-12-28 08:26:25,64.5011,-165.4064,23.07,86,90,9.22,light snow
61,Avera,US,2021-12-28 08:29:11,33.194,-82.5271,66.07,81,100,5.35,overcast clouds
62,Lazaro Cardenas,MX,2021-12-28 08:29:11,17.9583,-102.2,71.47,87,26,4.74,scattered clouds
63,Santiago Del Estero,AR,2021-12-28 08:29:12,-27.7951,-64.2615,77.52,32,91,4.12,overcast clouds
64,Hasaki,JP,2021-12-28 08:29:12,35.7333,140.8333,43.02,32,0,10.2,clear sky
65,Sao Felix Do Xingu,BR,2021-12-28 08:29:13,-6.6447,-51.995,70.09,99,100,0.43,overcast clouds
66,Asau,RO,2021-12-28 08:29:13,46.4333,26.4,27.95,93,98,0.83,overcast clouds
67,Quelimane,MZ,2021-12-28 08:29:13,-17.8786,36.8883,93.15,66,0,8.05,clear sky
68,Bukama,CD,2021-12-28 08:29:14,-9.2,25.85,80.17,67,33,5.23,scattered clouds
69,Havre-Saint-Pierre,CA,2021-12-28 08:29:15,50.2334,-63.5986,30.2,80,90,9.22,overcast clouds
70,Kloulklubed,PW,2021-12-28 08:29:15,7.0419,134.2556,82.9,79,100,19.71,overcast clouds
71,Codrington,AU,2021-12-28 08:19:50,-38.2667,141.9667,62.33,61,8,17.4,clear sky
72,Henties Bay,NA,2021-12-28 08:29:16,-22.116,14.2845,64.85,66,14,5.77,few clouds
73,Qinhuangdao,CN,2021-12-28 08:29:16,39.9317,119.5883,34.47,34,0,11.77,clear sky
74,Moctezuma,MX,2021-12-28 08:29:17,29.8,-109.6667,56.46,44,50,4.68,scattered clouds
75,Lujan,AR,2021-12-28 08:29:17,-34.5703,-59.105,76.75,67,13,1.01,few clouds
76,Port Elizabeth,ZA,2021-12-28 08:29:18,-33.918,25.5701,75.09,68,20,17.27,few clouds
77,Atambua,ID,2021-12-28 08:29:18,-9.1061,124.8925,80.02,73,100,6.13,overcast clouds
78,Mahebourg,MU,2021-12-28 08:29:18,-20.4081,57.7,84.49,70,40,8.05,scattered clouds
79,Saint-Philippe,RE,2021-12-28 08:19:35,-21.3585,55.7679,84.22,77,30,11.21,scattered clouds
80,Long Xuyen,VN,2021-12-28 08:29:19,10.3833,105.4167,84.15,65,88,7.23,overcast clouds
81,Port Alfred,ZA,2021-12-28 08:29:19,-33.5906,26.891,72.12,64,18,20.67,few clouds
82,Tessalit,ML,2021-12-28 08:29:20,20.1986,1.0114,65.1,19,15,8.7,few clouds
83,Saldanha,ZA,2021-12-28 08:29:21,-33.0117,17.9442,69.85,73,1,7.07,clear sky
84,Cape Town,ZA,2021-12-28 08:24:30,-33.9258,18.4232,71.11,75,40,1.99,light rain
85,East London,ZA,2021-12-28 08:29:21,-33.0153,27.9116,68.94,83,20,20.71,few clouds
86,Vaini,TO,2021-12-28 08:29:22,-21.2,-175.2,77.16,100,20,2.3,volcanic ash
87,Dunedin,NZ,2021-12-28 08:29:22,-45.8742,170.5036,52.81,78,23,1.01,few clouds
88,Tadine,NC,2021-12-28 08:29:22,-21.55,167.8833,79.86,84,96,5.41,overcast clouds
89,Souillac,MU,2021-12-28 08:19:42,-20.5167,57.5167,85.35,70,40,8.05,scattered clouds
90,Trimbak,IN,2021-12-28 08:29:23,19.9333,73.55,77.45,32,65,8.23,broken clouds
91,Yellowknife,CA,2021-12-28 08:29:23,62.456,-114.3525,-27.58,80,75,9.22,broken clouds
92,Nyagan,RU,2021-12-28 08:30:24,62.1406,65.3936,-1.57,94,99,6.58,overcast clouds
93,Padang,ID,2021-12-28 08:29:54,-0.9492,100.3543,86.05,78,100,1.81,overcast clouds
94,Meulaboh,ID,2021-12-28 08:30:24,4.1363,96.1285,83.79,71,64,6.44,broken clouds
95,Narsaq,GL,2021-12-28 08:30:25,60.9167,-46.05,21.42,56,2,7.2,clear sky
96,Bredasdorp,ZA,2021-12-28 08:30:25,-34.5322,20.0403,72.72,49,85,14.97,light rain
97,Mnogovershinnyy,RU,2021-12-28 08:30:26,53.9353,139.9242,-26.12,95,19,4.09,few clouds
98,Bethel,US,2021-12-28 08:30:26,41.3712,-73.414,37.65,90,90,0.0,mist
99,Kodiak,US,2021-12-28 08:30:27,57.79,-152.4072,40.48,85,67,6.91,broken clouds
100,Provideniya,RU,2021-12-28 08:30:27,64.3833,-173.3,4.48,93,92,13.89,overcast clouds
101,Zheleznodorozhnyy,RU,2021-12-28 08:30:28,55.7503,38.0042,19.92,97,99,3.62,overcast clouds
102,Punta Alta,AR,2021-12-28 08:30:13,-38.8759,-62.0736,69.58,68,0,3.22,clear sky
103,Phitsanulok,TH,2021-12-28 08:30:29,16.9167,100.5,82.51,43,4,4.0,clear sky
104,Camacha,PT,2021-12-28 08:30:29,33.0833,-16.3333,63.82,77,75,8.05,broken clouds
105,Hambantota,LK,2021-12-28 08:21:02,6.1241,81.1185,85.41,56,76,16.11,broken clouds
106,Longyearbyen,SJ,2021-12-28 08:30:30,78.2186,15.6401,4.84,78,0,13.8,clear sky
107,Svetlogorsk,BY,2021-12-28 08:30:30,52.6333,29.7333,18.0,75,83,7.2,broken clouds
108,Kedrovyy,RU,2021-12-28 08:30:31,56.1667,91.8167,7.21,95,100,4.07,overcast clouds
109,Bahia Blanca,AR,2021-12-28 08:30:08,-38.7196,-62.2724,68.99,65,0,3.31,clear sky
110,Tura,IN,2021-12-28 08:30:31,25.5198,90.2201,72.48,34,100,2.33,overcast clouds
111,Qaanaaq,GL,2021-12-28 08:30:32,77.484,-69.3632,-3.59,55,97,7.56,overcast clouds
112,Aykhal,RU,2021-12-28 08:30:32,66.0,111.5,-22.47,100,78,8.48,broken clouds
113,Nasice,HR,2021-12-28 08:30:32,45.4886,18.0878,33.55,98,100,5.32,overcast clouds
114,Wahiawa,US,2021-12-28 08:30:33,21.5028,-158.0236,71.92,75,99,12.84,overcast clouds
115,Rawson,AR,2021-12-28 08:30:33,-43.3002,-65.1023,68.09,36,0,12.03,clear sky
116,Carnarvon,AU,2021-12-28 08:30:34,-24.8667,113.6333,96.87,32,79,18.41,broken clouds
117,Alta Floresta,BR,2021-12-28 08:30:34,-9.8756,-56.0861,69.91,99,100,2.46,overcast clouds
118,Paamiut,GL,2021-12-28 08:30:35,61.994,-49.6678,16.65,66,3,8.72,clear sky
119,Itarema,BR,2021-12-28 08:30:35,-2.9248,-39.9167,78.64,81,19,10.63,few clouds
120,Hermanus,ZA,2021-12-28 08:30:36,-34.4187,19.2345,69.8,73,79,6.93,broken clouds
121,Katsuura,JP,2021-12-28 08:30:36,35.1333,140.3,46.51,40,2,1.72,clear sky
122,Trairi,BR,2021-12-28 08:25:52,-3.2778,-39.2689,78.17,82,71,8.19,broken clouds
123,Talnakh,RU,2021-12-28 08:30:37,69.4865,88.3972,6.21,85,10,10.25,clear sky
124,Poltava,UA,2021-12-28 08:30:37,49.5937,34.5407,18.95,84,100,16.73,light snow
125,Khash,IR,2021-12-28 08:30:37,28.2211,61.2158,56.88,18,0,4.65,clear sky
126,Lagoa,PT,2021-12-28 08:30:38,39.05,-27.9833,63.18,89,100,30.6,overcast clouds
127,Salinopolis,BR,2021-12-28 08:30:38,-0.6136,-47.3561,78.57,85,39,9.73,scattered clouds
128,Doka,SD,2021-12-28 08:30:39,13.5167,35.7667,86.56,38,38,8.59,scattered clouds
129,Balkhash,KZ,2021-12-28 08:30:39,46.844,74.9804,14.61,85,90,13.42,overcast clouds
130,Umba,RU,2021-12-28 08:30:40,66.6871,34.3429,0.59,98,80,4.92,broken clouds
131,Sorland,NO,2021-12-28 08:30:40,67.667,12.6934,35.46,68,100,14.47,overcast clouds
132,Bilma,NE,2021-12-28 08:30:41,18.6853,12.9164,67.33,19,0,17.13,clear sky
133,Buraydah,SA,2021-12-28 08:30:42,26.326,43.975,57.65,34,64,11.74,broken clouds
134,Manggar,ID,2021-12-28 08:30:42,-2.8833,108.2667,83.82,70,100,9.24,overcast clouds
135,Waddan,LY,2021-12-28 08:30:43,29.1614,16.139,64.47,30,5,9.84,clear sky
136,Ilulissat,GL,2021-12-28 08:31:43,69.2167,-51.1,15.82,48,84,3.44,broken clouds
137,Port Lincoln,AU,2021-12-28 08:31:43,-34.7333,135.8667,64.44,70,0,18.99,clear sky
138,Esperance,AU,2021-12-28 08:31:44,-33.8667,121.9,76.84,60,0,24.61,clear sky
139,Isla Mujeres,MX,2021-12-28 08:31:44,21.2311,-86.731,77.16,68,0,11.99,clear sky
140,Marsa Matruh,EG,2021-12-28 08:31:45,31.3525,27.2453,61.0,55,40,12.66,scattered clouds
141,Angoche,MZ,2021-12-28 08:31:45,-16.2325,39.9086,91.56,55,100,11.3,overcast clouds
142,Shimoda,JP,2021-12-28 08:31:46,34.6667,138.95,45.45,69,58,6.31,broken clouds
143,Vung Tau,VN,2021-12-28 08:31:46,10.346,107.0843,81.32,76,87,19.37,overcast clouds
144,Alexandria,EG,2021-12-28 08:31:47,31.2156,29.9553,64.94,67,40,10.36,scattered clouds
145,Bowen,AU,2021-12-28 08:31:47,-20.0167,148.2333,80.82,75,99,11.63,moderate rain
146,Nishihara,JP,2021-12-28 08:31:47,26.1842,127.7558,66.25,61,75,5.75,broken clouds
147,Faya,SA,2021-12-28 08:31:48,18.3851,42.4509,66.72,37,3,10.94,clear sky
148,Komsomolskiy,UZ,2021-12-28 08:31:48,40.4272,71.7189,38.12,65,20,6.91,few clouds
149,Pedernales,DO,2021-12-28 08:31:49,18.0384,-71.744,75.15,66,17,4.36,few clouds
150,Sao Filipe,CV,2021-12-28 08:31:49,14.8961,-24.4956,75.43,63,21,9.98,few clouds
151,Mount Gambier,AU,2021-12-28 08:31:39,-37.8333,140.7667,66.11,59,0,20.71,clear sky
152,Petropavlovsk-Kamchatskiy,RU,2021-12-28 08:31:50,53.0452,158.6483,19.99,79,40,4.47,scattered clouds
153,Chokurdakh,RU,2021-12-28 08:31:50,70.6333,147.9167,-43.98,100,66,2.68,broken clouds
154,Kirakira,SB,2021-12-28 08:31:51,-10.4544,161.9205,80.96,86,100,7.83,overcast clouds
155,Alice Springs,AU,2021-12-28 08:31:51,-23.7,133.8833,92.75,9,0,13.8,clear sky
156,Georgetown,MY,2021-12-28 08:30:15,5.4112,100.3354,89.55,67,40,10.0,scattered clouds
157,Atuona,PF,2021-12-28 08:31:52,-9.8,-139.0333,78.75,74,76,17.07,broken clouds
158,Alofi,NU,2021-12-28 08:31:52,-19.0595,-169.9187,73.29,94,80,1.14,light rain
159,Fairbanks,US,2021-12-28 08:30:00,64.8378,-147.7164,16.25,84,90,0.0,overcast clouds
160,Axim,GH,2021-12-28 08:31:53,4.8699,-2.2405,83.66,70,64,2.71,broken clouds
161,Ghanzi,BW,2021-12-28 08:31:53,-21.5667,21.7833,85.91,10,25,5.46,scattered clouds
162,Butaritari,KI,2021-12-28 08:31:54,3.0707,172.7902,82.17,76,98,8.1,overcast clouds
163,Touros,BR,2021-12-28 08:31:54,-5.1989,-35.4608,77.9,77,79,11.14,broken clouds
164,Camana,PE,2021-12-28 08:31:55,-16.6228,-72.7111,69.39,89,96,7.23,overcast clouds
165,Antalaha,MG,2021-12-28 08:31:56,-14.9003,50.2788,85.01,59,53,9.19,broken clouds
166,Ola,RU,2021-12-28 08:31:56,59.5833,151.2833,-6.72,79,100,16.6,overcast clouds
167,Thunder Bay,CA,2021-12-28 08:30:26,48.4001,-89.3168,15.3,82,90,5.75,overcast clouds
168,Constitucion,CL,2021-12-28 08:27:59,-35.3333,-72.4167,57.92,86,54,6.13,broken clouds
169,Naze,JP,2021-12-28 08:31:57,28.3667,129.4833,56.32,59,90,5.77,overcast clouds
170,Sao Miguel Do Araguaia,BR,2021-12-28 08:31:57,-13.275,-50.1628,69.98,97,57,7.16,broken clouds
171,Mayumba,GA,2021-12-28 08:31:58,-3.432,10.6554,77.31,86,99,2.3,light rain
172,Goderich,CA,2021-12-28 08:30:26,43.7501,-81.7165,38.91,70,89,21.85,overcast clouds
173,Severo-Kurilsk,RU,2021-12-28 08:31:58,50.6789,156.125,30.36,91,98,11.61,light snow
174,Songjianghe,CN,2021-12-28 08:31:59,42.1859,127.479,9.39,84,1,5.75,clear sky
175,Viesca,MX,2021-12-28 08:31:59,25.35,-102.8,66.07,27,0,7.67,clear sky
176,Nanortalik,GL,2021-12-28 08:32:00,60.1432,-45.2371,24.04,65,6,7.47,clear sky
177,Lorengau,PG,2021-12-28 08:32:00,-2.0226,147.2712,82.62,79,99,7.07,overcast clouds
178,Ca Mau,VN,2021-12-28 08:32:01,9.1769,105.15,83.5,69,100,10.31,overcast clouds
179,Bambous Virieux,MU,2021-12-28 08:32:01,-20.3428,57.7575,84.45,70,40,8.05,scattered clouds
180,Gat,IL,2021-12-28 08:29:04,31.61,34.7642,60.91,100,100,4.9,overcast clouds
181,Lai,TD,2021-12-28 08:32:02,9.3952,16.2989,82.94,16,100,8.12,overcast clouds
182,Zhigansk,RU,2021-12-28 08:33:02,66.7697,123.3711,-21.78,98,69,10.27,broken clouds
183,Hofn,IS,2021-12-28 08:33:03,64.2539,-15.2082,29.64,66,2,17.52,clear sky
184,Mereni,RO,2021-12-28 08:33:03,44.05,28.3667,32.02,80,96,10.4,overcast clouds
185,Saskylakh,RU,2021-12-28 08:33:04,71.9167,114.0833,-32.19,100,92,1.54,overcast clouds
186,Pitimbu,BR,2021-12-28 08:33:04,-7.4706,-34.8086,77.59,78,26,11.03,scattered clouds
187,Amahai,ID,2021-12-28 08:33:04,-3.3333,128.9167,78.84,81,100,5.61,overcast clouds
188,Victoria,HK,2021-12-28 08:32:13,22.2855,114.1577,66.18,75,27,5.01,scattered clouds
189,Mar Del Plata,AR,2021-12-28 08:29:18,-38.0023,-57.5575,67.08,85,0,1.99,clear sky
190,Saint Anthony,US,2021-12-28 08:31:05,45.0205,-93.218,9.55,75,1,1.99,clear sky
191,Belaya Gora,RU,2021-12-28 08:33:05,68.5333,146.4167,-39.69,100,98,2.82,overcast clouds
192,Westport,US,2021-12-28 08:33:06,41.1415,-73.3579,41.76,94,90,1.01,mist
193,Krasnoselkup,RU,2021-12-28 08:33:06,65.7,82.4667,9.16,93,100,20.09,light snow
194,Aviles,ES,2021-12-28 08:33:07,43.5547,-5.9248,67.39,63,75,10.36,broken clouds
195,Faanui,PF,2021-12-28 08:33:07,-16.4833,-151.75,80.19,70,88,6.62,overcast clouds
196,Port Hardy,CA,2021-12-28 08:30:26,50.6996,-127.4199,26.76,86,90,4.61,light snow
197,Salalah,OM,2021-12-28 08:33:08,17.0151,54.0924,80.69,57,0,11.5,clear sky
198,Villa Bisono,DO,2021-12-28 08:33:08,19.5638,-70.8758,66.81,92,0,4.59,clear sky
199,Bhuj,IN,2021-12-28 08:33:09,23.2667,69.6667,74.39,46,25,12.86,scattered clouds
200,Imeni Poliny Osipenko,RU,2021-12-28 08:33:09,52.4201,136.4853,-31.16,100,26,0.98,scattered clouds
201,Fukue,JP,2021-12-28 08:33:09,32.6881,128.8419,46.76,71,75,3.44,broken clouds
202,Chhuikhadan,IN,2021-12-28 08:33:10,21.5333,80.9833,82.4,34,69,7.25,broken clouds
203,Murray Bridge,AU,2021-12-28 08:33:10,-35.1167,139.2667,79.68,63,0,18.3,clear sky
204,Nara,JP,2021-12-28 08:33:11,34.6851,135.8049,47.48,48,58,1.77,broken clouds
205,Periyanayakkanpalaiyam,IN,2021-12-28 08:33:11,11.15,76.9333,83.79,39,40,11.5,haze
206,Bajil,YE,2021-12-28 08:33:12,15.0584,43.2851,85.08,50,3,5.14,clear sky
207,Trofors,NO,2021-12-28 08:33:12,65.5333,13.4063,29.66,90,100,4.25,overcast clouds
208,Cantaura,VE,2021-12-28 08:33:12,9.3057,-64.3584,70.27,91,100,7.9,overcast clouds
209,Kieta,PG,2021-12-28 08:33:13,-6.2167,155.6333,81.54,81,99,1.77,light rain
210,Baghdad,IQ,2021-12-28 08:29:21,33.3406,44.4009,53.51,40,0,8.05,clear sky
211,Dubrovnik,HR,2021-12-28 08:33:13,42.6481,18.0922,57.63,62,0,6.91,clear sky
212,Yulara,AU,2021-12-28 08:33:14,-25.2406,130.9889,98.44,9,0,11.5,clear sky
213,Uvalde,US,2021-12-28 08:33:14,29.3669,-99.767,64.58,79,90,5.75,heavy intensity drizzle
214,Ulladulla,AU,2021-12-28 08:33:15,-35.35,150.4667,63.5,67,47,5.17,scattered clouds
215,Airai,TL,2021-12-28 08:33:15,-8.9266,125.4092,67.68,80,75,2.95,broken clouds
216,Road Town,VG,2021-12-28 08:30:01,18.4167,-64.6167,77.0,69,0,16.22,clear sky
217,Ventspils,LV,2021-12-28 08:33:16,57.3894,21.5606,13.93,85,0,6.91,clear sky
218,Turukhansk,RU,2021-12-28 08:33:16,65.8167,87.9833,0.37,82,100,20.11,overcast clouds
219,Kompaniyivka,UA,2021-12-28 08:33:17,48.2511,32.208,22.95,95,100,18.5,snow
220,Kamenka,RU,2021-12-28 08:33:17,51.3223,42.7678,5.76,91,71,1.79,broken clouds
221,Chuy,UY,2021-12-28 08:33:17,-33.6971,-53.4616,58.66,90,0,3.51,clear sky
222,Khatanga,RU,2021-12-28 08:33:18,71.9667,102.5,-25.44,100,70,5.44,broken clouds
223,Cabo San Lucas,MX,2021-12-28 08:33:18,22.8909,-109.9124,65.61,68,99,10.67,overcast clouds
224,Odweyne,SO,2021-12-28 08:33:19,9.4092,45.064,81.63,20,76,5.61,broken clouds
225,Vyartsilya,RU,2021-12-28 08:33:19,62.1764,30.693,9.01,97,91,4.09,light snow
226,Coihaique,CL,2021-12-28 08:33:20,-45.5752,-72.0662,47.01,98,9,5.03,clear sky
227,Newtonmore,GB,2021-12-28 08:33:20,57.066,-4.1192,38.03,92,100,3.74,overcast clouds
228,Arraial Do Cabo,BR,2021-12-28 08:33:20,-22.9661,-42.0278,67.96,85,40,0.0,scattered clouds
229,Ajdabiya,LY,2021-12-28 08:33:21,30.7554,20.2263,61.43,38,60,14.74,broken clouds
230,Macheng,CN,2021-12-28 08:33:21,31.1783,115.0319,44.4,30,5,4.07,clear sky
231,Yar-Sale,RU,2021-12-28 08:34:22,66.8333,70.8333,2.08,97,100,9.28,overcast clouds
232,Sisimiut,GL,2021-12-28 08:34:22,66.9395,-53.6735,13.19,83,98,5.7,overcast clouds
233,Port Blair,IN,2021-12-28 08:34:23,11.6667,92.75,82.51,69,19,17.05,few clouds
234,Makakilo City,US,2021-12-28 08:34:23,21.3469,-158.0858,73.72,70,1,5.75,clear sky
235,Boende,CD,2021-12-28 08:34:24,-0.2167,20.8667,72.32,94,100,5.57,moderate rain
236,Marawi,PH,2021-12-28 08:34:24,7.9986,124.2928,70.65,94,100,4.32,moderate rain
237,Mercedes,AR,2021-12-28 08:34:25,-34.6515,-59.4307,72.86,57,29,9.37,scattered clouds
238,Healdsburg,US,2021-12-28 08:34:25,38.6105,-122.8692,40.93,84,1,5.99,clear sky
239,Mujiayingzi,CN,2021-12-28 08:34:25,42.1167,118.7833,22.33,30,0,8.46,clear sky
240,Eyl,SO,2021-12-28 08:34:26,7.9803,49.8164,83.05,50,86,19.42,overcast clouds
241,Masuguru,TZ,2021-12-28 08:34:26,-11.3667,38.4167,97.03,23,100,4.94,overcast clouds
242,Zeya,RU,2021-12-28 08:34:27,53.75,127.2667,-15.81,93,98,2.98,overcast clouds
243,Bafang,CM,2021-12-28 08:34:27,5.1563,10.1788,78.04,42,100,2.28,overcast clouds
244,Ancud,CL,2021-12-28 08:34:28,-41.8697,-73.8203,54.93,94,99,3.65,overcast clouds
245,Ortakoy,TR,2021-12-28 08:34:28,38.7373,34.0387,35.85,85,100,3.38,overcast clouds
246,Cidreira,BR,2021-12-28 08:34:28,-30.1811,-50.2056,69.66,81,0,1.74,clear sky
247,Jijiga,ET,2021-12-28 08:34:29,9.35,42.8,74.77,28,99,1.7,overcast clouds
248,La Romana,DO,2021-12-28 08:34:29,18.4273,-68.9728,76.73,88,8,7.47,clear sky
249,Auki,SB,2021-12-28 08:34:30,-8.7676,160.7034,80.58,82,100,5.3,light rain
250,Ponta Do Sol,PT,2021-12-28 08:34:30,32.6667,-17.1,67.01,77,0,5.12,clear sky
251,Skalat,UA,2021-12-28 08:34:30,49.4273,25.9787,23.88,94,100,10.16,light snow
252,Lakatoro,VU,2021-12-28 08:34:31,-16.0999,167.4164,83.16,80,63,5.19,broken clouds
253,Ukiah,US,2021-12-28 08:34:31,39.1502,-123.2078,37.83,91,90,0.0,overcast clouds
254,Lyubim,RU,2021-12-28 08:34:32,58.3625,40.6843,6.89,95,81,6.87,broken clouds
255,Puerto Baquerizo Moreno,EC,2021-12-28 08:34:32,-0.9,-89.6,69.13,82,74,9.51,broken clouds
256,Klaksvik,FO,2021-12-28 08:34:33,62.2266,-6.589,38.32,91,99,8.79,overcast clouds
257,Mattru,SL,2021-12-28 08:34:33,7.6244,-11.8332,79.79,73,100,1.66,overcast clouds
258,Key West,US,2021-12-28 08:30:00,24.5557,-81.7826,75.0,73,1,9.22,clear sky
259,Hit,IQ,2021-12-28 08:34:34,33.6416,42.8251,55.96,34,68,2.35,broken clouds
260,Lipari,IT,2021-12-28 08:34:34,38.4674,14.954,61.54,77,26,29.53,scattered clouds
261,Srandakan,ID,2021-12-28 08:34:35,-7.9386,110.2506,69.73,67,10,8.81,clear sky
262,Belen,TR,2021-12-28 08:34:35,36.4891,36.2233,32.14,100,75,3.44,mist
263,Pacific Grove,US,2021-12-28 08:34:36,36.6177,-121.9166,45.43,87,99,3.0,overcast clouds
264,Chemainus,CA,2021-12-28 08:30:26,48.9163,-123.7194,24.55,92,93,2.89,overcast clouds
265,Sarangani,PH,2021-12-28 08:34:36,5.4033,125.4636,79.5,76,100,13.94,overcast clouds
266,Kuandian,CN,2021-12-28 08:34:37,40.7286,124.7847,21.92,69,89,1.63,overcast clouds
267,Stepnyak,KZ,2021-12-28 08:34:37,52.8339,70.7803,22.59,91,100,15.5,overcast clouds
268,Ponta Delgada,PT,2021-12-28 08:34:38,37.7333,-25.6667,68.5,88,40,25.32,scattered clouds
269,Saint George,US,2021-12-28 08:34:38,37.1041,-113.5841,44.64,65,20,1.99,few clouds
270,Almaty,KZ,2021-12-28 08:34:38,43.25,76.95,28.31,93,75,6.71,mist
271,Olga,RU,2021-12-28 08:34:39,43.7444,135.2892,8.96,48,25,4.45,scattered clouds
272,Cherskiy,RU,2021-12-28 08:34:39,68.75,161.3,-49.41,99,65,4.72,broken clouds
273,Mirante Do Paranapanema,BR,2021-12-28 08:34:40,-22.2919,-51.9064,75.13,61,85,6.35,overcast clouds
274,Aksu,CN,2021-12-28 08:34:40,41.1231,80.2644,29.95,46,100,2.04,overcast clouds
275,Rosetown,CA,2021-12-28 08:34:41,51.5501,-108.0014,-31.02,61,78,6.91,broken clouds
276,Beckley,US,2021-12-28 08:33:36,37.7782,-81.1882,56.7,96,90,1.99,overcast clouds
277,Houma,US,2021-12-28 08:34:41,29.5958,-90.7195,71.01,97,96,8.01,overcast clouds
278,Necochea,AR,2021-12-28 08:34:42,-38.5473,-58.7368,63.03,58,4,8.01,clear sky
279,Samarai,PG,2021-12-28 08:35:42,-10.6167,150.6667,84.15,71,82,1.32,broken clouds
280,Terrace,CA,2021-12-28 08:35:42,54.5163,-128.6035,-2.29,71,75,17.27,broken clouds
281,Gidam,IN,2021-12-28 08:35:43,18.9833,81.4,84.83,32,0,3.56,clear sky
282,Sheopur,IN,2021-12-28 08:35:43,25.6667,76.7,56.64,90,100,8.16,moderate rain
283,Aleksandrow Lodzki,PL,2021-12-28 08:35:44,51.8196,19.3038,24.75,88,75,8.99,broken clouds
284,Korla,CN,2021-12-28 08:35:44,41.7597,86.1469,27.23,48,87,3.15,overcast clouds
285,Mama,RU,2021-12-28 08:35:45,58.3106,112.8986,-6.97,98,100,3.6,overcast clouds
286,Vostok,RU,2021-12-28 08:35:45,46.4856,135.8833,-16.2,98,77,5.01,broken clouds
287,Maragogi,BR,2021-12-28 08:35:45,-9.0122,-35.2225,79.48,71,100,7.9,overcast clouds
288,Camargo,MX,2021-12-28 08:35:46,27.6667,-105.1667,60.85,31,90,5.88,overcast clouds
289,Norman Wells,CA,2021-12-28 08:35:46,65.282,-126.8329,-2.16,65,75,16.11,light snow
290,Skelleftea,SE,2021-12-28 08:35:47,64.7507,20.9528,7.16,92,40,3.44,scattered clouds
291,Misheronskiy,RU,2021-12-28 08:35:47,55.7193,39.7383,7.92,98,100,4.29,overcast clouds
292,Gari,RU,2021-12-28 08:35:48,59.4307,62.3497,3.34,85,40,8.66,scattered clouds
293,Afua,BR,2021-12-28 08:35:48,-0.1567,-50.3867,75.7,93,100,3.65,light rain
294,Beloha,MG,2021-12-28 08:35:49,-25.1667,45.05,98.33,30,100,8.05,overcast clouds
295,Bosobolo,CD,2021-12-28 08:35:49,4.1833,19.9,87.26,53,76,4.21,broken clouds
296,Geraldton,AU,2021-12-28 08:35:50,-28.7667,114.6,102.61,12,0,24.16,clear sky
297,Kaitangata,NZ,2021-12-28 08:35:50,-46.2817,169.8464,51.1,85,88,2.06,overcast clouds
298,Kuryk,KZ,2021-12-28 08:35:50,43.2,51.65,44.76,51,95,6.58,overcast clouds
299,Caravelas,BR,2021-12-28 08:35:51,-17.7125,-39.2481,71.55,98,100,6.2,heavy intensity rain
300,Isla Vista,US,2021-12-28 08:32:09,34.4133,-119.861,50.9,72,1,17.27,clear sky
301,Ambositra,MG,2021-12-28 08:35:51,-20.5167,47.25,74.35,75,100,3.38,light rain
302,Pangai,TO,2021-12-28 08:35:52,-19.8,-174.35,81.45,72,13,8.32,few clouds
303,Coahuayana,MX,2021-12-28 08:35:52,18.7333,-103.6833,74.14,88,99,2.04,overcast clouds
304,Jimo,CN,2021-12-28 08:35:53,36.3897,120.4622,40.78,26,0,8.95,clear sky
305,Kalmunai,LK,2021-12-28 08:35:53,7.4167,81.8167,82.98,59,67,11.56,broken clouds
306,Campbell River,CA,2021-12-28 08:35:53,50.0163,-125.2446,20.73,93,43,3.22,scattered clouds
307,Rocky Mountain House,CA,2021-12-28 08:35:54,52.3668,-114.9188,-32.69,68,100,1.14,overcast clouds
308,Sinjai,ID,2021-12-28 08:35:54,-5.1241,120.253,80.94,79,100,0.87,heavy intensity rain
309,Puerto Carreno,CO,2021-12-28 08:35:55,6.189,-67.4859,74.08,64,76,9.98,broken clouds
310,Tambura,SS,2021-12-28 08:35:55,5.6,27.4667,94.14,25,18,5.99,few clouds
311,Pimentel,PE,2021-12-28 08:35:56,-6.8367,-79.9342,66.27,86,100,6.38,overcast clouds
312,Nikolskoye,RU,2021-12-28 08:35:56,59.7035,30.7861,13.39,99,96,3.91,overcast clouds
313,Hobart,AU,2021-12-28 08:35:56,-42.8794,147.3294,66.06,65,20,1.01,few clouds
314,Augusto Correa,BR,2021-12-28 08:35:57,-1.0217,-46.635,73.62,97,74,2.91,broken clouds
315,Inhambane,MZ,2021-12-28 08:35:57,-23.865,35.3833,80.58,83,40,11.5,scattered clouds
316,Leningradskiy,RU,2021-12-28 08:35:58,69.3833,178.4167,-32.78,98,57,3.04,broken clouds
317,Kenai,US,2021-12-28 08:35:58,60.5544,-151.2583,23.09,100,90,0.0,mist
318,Alyangula,AU,2021-12-28 08:35:59,-13.8483,136.4192,80.47,100,75,2.3,broken clouds
319,Sao Joao Da Barra,BR,2021-12-28 08:31:23,-21.6403,-41.0511,73.45,89,96,7.52,overcast clouds
320,Birao,CF,2021-12-28 08:35:59,10.2849,22.7882,88.88,12,94,11.07,overcast clouds
321,Kincardine,GB,2021-12-28 08:36:00,56.0667,-3.7167,45.52,89,100,5.79,overcast clouds
322,Benguela,AO,2021-12-28 08:36:00,-12.5763,13.4055,78.55,71,97,4.74,overcast clouds
323,Dudinka,RU,2021-12-28 08:36:00,69.4058,86.1778,6.62,78,5,12.01,clear sky
324,Bonavista,CA,2021-12-28 08:36:01,48.6499,-53.1147,36.12,85,100,33.62,overcast clouds
325,Pevek,RU,2021-12-28 08:36:01,69.7008,170.3133,-33.9,100,60,5.3,broken clouds
326,Okhotsk,RU,2021-12-28 08:37:02,59.3833,143.3,-10.71,76,100,14.88,overcast clouds
327,Lykhivka,UA,2021-12-28 08:37:03,48.6874,33.9228,22.17,95,100,22.68,snow
328,Rio Rancho,US,2021-12-28 08:35:38,35.2334,-106.6645,42.44,54,1,1.01,clear sky
329,Salta,AR,2021-12-28 08:37:03,-24.7859,-65.4117,68.29,88,75,3.44,broken clouds
330,Sotnikovo,RU,2021-12-28 08:37:04,51.8845,107.4791,5.09,66,20,4.47,few clouds
331,Fortuna,US,2021-12-28 08:37:04,40.5982,-124.1573,37.74,96,90,7.0,overcast clouds
332,Arman,RU,2021-12-28 08:37:04,59.7,150.1667,-5.55,82,100,14.67,overcast clouds
333,Bandarbeyla,SO,2021-12-28 08:37:05,9.4942,50.8122,80.56,56,68,16.35,broken clouds
334,Guerrero Negro,MX,2021-12-28 08:32:09,27.9769,-114.0611,57.51,63,100,16.37,overcast clouds
335,Suntar,RU,2021-12-28 08:37:05,62.1444,117.6319,-4.92,95,100,6.2,overcast clouds
336,Pangnirtung,CA,2021-12-28 08:37:06,66.1451,-65.7125,0.59,66,93,5.23,overcast clouds
337,Bereda,ES,2021-12-28 08:37:06,43.2686,-7.5406,56.95,100,100,9.66,overcast clouds
338,Cururupu,BR,2021-12-28 08:37:07,-1.8283,-44.8683,74.03,97,69,2.66,broken clouds
339,Nemuro,JP,2021-12-28 08:37:07,43.3236,145.575,16.23,54,3,10.87,clear sky
340,Neiafu,TO,2021-12-28 08:37:08,-18.65,-173.9833,81.59,69,32,5.26,scattered clouds
341,Broken Hill,AU,2021-12-28 08:37:08,-31.95,141.4333,89.31,20,40,17.27,scattered clouds
342,Mitu,CO,2021-12-28 08:37:09,1.1983,-70.1733,71.24,98,100,1.1,overcast clouds
343,Nanakuli,US,2021-12-28 08:37:09,21.3906,-158.1547,75.15,68,1,5.75,clear sky
344,Deputatskiy,RU,2021-12-28 08:37:10,69.3,139.9,-28.28,100,100,0.83,overcast clouds
345,Kawhia,NZ,2021-12-28 08:37:10,-38.0651,174.8183,69.15,93,100,3.56,overcast clouds
346,Sitka,US,2021-12-28 08:37:10,57.0531,-135.33,33.69,80,90,9.22,light rain
347,Matata,NZ,2021-12-28 08:37:11,-37.8833,176.75,68.13,92,100,4.05,overcast clouds
348,Morondava,MG,2021-12-28 08:37:11,-20.2833,44.2833,87.06,65,100,11.59,overcast clouds
349,Colomi,BO,2021-12-28 08:37:12,-17.35,-65.8667,50.02,79,97,3.4,overcast clouds
350,Andrelandia,BR,2021-12-28 08:37:12,-21.7397,-44.3092,62.76,94,88,0.74,overcast clouds
351,Gorom-Gorom,BF,2021-12-28 08:37:12,14.4439,-0.2361,74.23,14,100,17.05,overcast clouds
352,Ibra,OM,2021-12-28 08:37:13,22.6906,58.5334,79.3,35,1,4.61,clear sky
353,Beira,MZ,2021-12-28 08:37:13,-19.8436,34.8389,93.29,59,20,6.91,few clouds
354,Hobyo,SO,2021-12-28 08:37:14,5.3505,48.5268,81.01,58,100,18.39,overcast clouds
355,Bankura,IN,2021-12-28 08:37:14,23.25,87.0667,75.29,44,16,6.76,few clouds
356,Amapa,BR,2021-12-28 08:37:15,1.0,-52.0,71.2,100,98,1.45,overcast clouds
357,Victor Harbor,AU,2021-12-28 08:37:15,-35.5667,138.6167,77.09,80,1,5.01,clear sky
358,Lugovoy,KZ,2021-12-28 08:37:15,42.9472,72.7644,35.74,78,5,5.26,clear sky
359,Sioux Lookout,CA,2021-12-28 08:37:16,50.1001,-91.917,3.58,85,90,0.0,light snow
360,Port Macquarie,AU,2021-12-28 08:37:16,-31.4333,152.9167,66.88,81,95,8.41,moderate rain
361,Urusha,RU,2021-12-28 08:33:16,54.05,122.9,-15.18,85,54,3.96,broken clouds
362,Chakradharpur,IN,2021-12-28 08:37:17,22.7,85.6333,74.3,46,49,6.4,scattered clouds
363,Ust-Ishim,RU,2021-12-28 08:37:17,57.6935,71.1665,10.22,94,70,4.99,broken clouds
364,Abalak,RU,2021-12-28 08:37:18,58.1286,68.5944,3.4,94,34,6.2,scattered clouds
365,Puerto Del Rosario,ES,2021-12-28 08:37:18,28.5004,-13.8627,65.95,77,75,14.97,broken clouds
366,Kupang,ID,2021-12-28 08:37:19,-10.1667,123.5833,84.78,79,40,10.36,scattered clouds
367,Macapa,BR,2021-12-28 08:35:06,0.0389,-51.0664,78.78,89,75,1.14,broken clouds
368,Torbay,CA,2021-12-28 08:35:28,47.6666,-52.7314,35.76,94,90,25.32,light intensity drizzle
369,Clermont,FR,2021-12-28 08:37:20,49.5,2.4167,53.31,84,100,21.47,overcast clouds
370,Gambo,CF,2021-12-28 08:37:20,4.6482,22.2633,89.47,44,71,3.53,broken clouds
371,Yatou,CN,2021-12-28 08:37:20,37.15,122.3833,33.93,72,10,8.95,clear sky
372,Ribas Do Rio Pardo,BR,2021-12-28 08:37:21,-20.4431,-53.7592,74.53,65,22,5.23,few clouds
373,Fort Nelson,CA,2021-12-28 08:36:06,58.8053,-122.7002,-15.21,76,90,3.44,light snow
374,Kalaleh,IR,2021-12-28 08:38:21,37.3807,55.4916,53.2,54,99,0.0,overcast clouds
375,Hagere Selam,ET,2021-12-28 08:38:22,6.4833,38.5167,66.63,34,73,3.53,broken clouds
376,Kjopsvik,NO,2021-12-28 08:38:22,68.097,16.3742,30.06,68,100,8.59,overcast clouds
377,Mlimba,TZ,2021-12-28 08:38:23,-8.8,35.8167,94.46,30,73,6.6,broken clouds
378,Charlestown,AU,2021-12-28 08:38:23,-32.95,151.6667,69.73,81,100,5.01,light rain
379,Adrar,MR,2021-12-28 08:38:24,20.5022,-10.0711,67.82,23,92,10.89,overcast clouds
380,Portland,US,2021-12-28 08:36:43,45.5234,-122.6762,32.58,93,90,1.01,snow
381,Tirumullaivasal,IN,2021-12-28 08:38:24,11.2333,79.8333,81.73,61,84,10.38,broken clouds
382,Victoria Point,AU,2021-12-28 08:38:25,-27.5833,153.3,72.95,69,86,8.01,overcast clouds
383,Berekum,GH,2021-12-28 08:38:25,7.4534,-2.584,82.65,26,51,4.36,broken clouds
384,Chicama,PE,2021-12-28 08:38:26,-7.8447,-79.1469,63.14,83,100,3.51,overcast clouds
385,Gazojak,TM,2021-12-28 08:38:26,41.1875,61.4036,39.06,65,26,10.04,scattered clouds
386,Manica,FR,2021-12-28 08:38:26,49.0,-1.1667,51.21,77,100,19.33,overcast clouds
387,Hami,CN,2021-12-28 08:38:27,42.8,93.45,24.15,28,14,1.59,few clouds
388,Arlit,NE,2021-12-28 08:38:27,18.7369,7.3853,70.57,14,0,1.28,clear sky
389,Vila Velha,BR,2021-12-28 08:37:37,-20.3297,-40.2925,73.35,90,0,8.01,clear sky
390,Husavik,IS,2021-12-28 08:38:28,66.0449,-17.3389,28.31,85,97,5.12,light snow
391,Masterton,NZ,2021-12-28 08:35:30,-40.9597,175.6575,61.97,99,100,2.13,light rain
392,Patti,IN,2021-12-28 08:38:28,31.2808,74.8572,66.15,26,10,8.19,clear sky
393,Moose Factory,CA,2021-12-28 08:38:29,51.2585,-80.6094,-7.6,84,75,2.3,broken clouds
394,Batemans Bay,AU,2021-12-28 08:38:29,-35.7167,150.1833,64.09,70,16,3.94,few clouds
395,Tual,ID,2021-12-28 08:38:30,-5.6667,132.75,83.62,79,100,25.01,moderate rain
396,Ust-Omchug,RU,2021-12-28 08:38:30,61.15,149.6333,-23.26,98,98,10.42,overcast clouds
397,Shache,CN,2021-12-28 08:38:30,38.4167,77.2406,33.33,39,33,2.39,scattered clouds
398,Talcahuano,CL,2021-12-28 08:38:31,-36.7167,-73.1167,55.08,100,90,0.0,mist
399,Lons-Le-Saunier,FR,2021-12-28 08:38:31,46.75,5.75,48.83,96,100,11.86,overcast clouds
400,Mogadishu,SO,2021-12-28 08:38:32,2.0371,45.3438,85.87,74,20,18.41,few clouds
401,Koster,ZA,2021-12-28 08:38:32,-25.863,26.8976,74.86,29,5,11.25,clear sky
402,Lokosovo,RU,2021-12-28 08:38:33,61.1333,74.8167,9.61,94,96,6.91,overcast clouds
403,Ornskoldsvik,SE,2021-12-28 08:38:33,63.2909,18.7153,20.35,100,99,5.75,overcast clouds
404,Richards Bay,ZA,2021-12-28 08:38:33,-28.783,32.0377,80.2,60,51,9.95,broken clouds
405,Panevezys,LT,2021-12-28 08:38:34,55.7333,24.35,11.32,87,100,10.22,overcast clouds
406,Antropovo,RU,2021-12-28 08:38:34,58.3988,43.0066,5.27,95,90,8.46,overcast clouds
407,Nandigama,IN,2021-12-28 08:38:35,16.7833,80.3,84.0,41,13,7.38,few clouds
408,Kalangala,UG,2021-12-28 08:38:35,-0.3089,32.225,73.87,62,97,2.08,overcast clouds
409,La Ronge,CA,2021-12-28 08:38:35,55.1001,-105.2842,-14.55,76,90,2.3,light snow
410,Sibu,MY,2021-12-28 08:38:14,2.3,111.8167,79.11,89,40,2.3,thunderstorm with rain
411,Ostersund,SE,2021-12-28 08:38:36,63.1792,14.6357,16.25,79,0,19.57,clear sky
412,Saint-Georges,GD,2021-12-28 08:38:37,12.0564,-61.7485,76.68,83,20,11.5,few clouds
413,Aklavik,CA,2021-12-28 08:38:37,68.2191,-135.0107,-8.57,100,29,5.97,scattered clouds
414,Niquelandia,BR,2021-12-28 08:38:37,-14.4739,-48.4597,68.13,99,71,1.81,light rain
415,Conde,BR,2021-12-28 08:34:05,-7.2597,-34.9075,76.46,94,40,4.61,scattered clouds
416,Seoul,KR,2021-12-28 08:38:05,37.5683,126.9778,35.04,55,75,4.61,broken clouds
417,Kabanjahe,ID,2021-12-28 08:38:38,3.1001,98.4908,74.16,76,69,5.26,broken clouds
418,Hualmay,PE,2021-12-28 08:38:39,-11.0964,-77.6139,66.74,92,99,5.46,overcast clouds
419,Danielskuil,ZA,2021-12-28 08:39:40,-28.1887,23.5395,71.67,33,3,13.18,clear sky
420,Tarakan,ID,2021-12-28 08:39:40,3.3,117.6333,81.9,78,75,4.61,broken clouds
421,Ruteng,ID,2021-12-28 08:39:41,-8.6136,120.4721,69.42,83,95,2.33,overcast clouds
422,Rafai,CF,2021-12-28 08:39:41,4.95,23.9167,92.21,35,84,3.71,broken clouds
423,Cervo,ES,2021-12-28 08:39:42,43.6702,-7.4101,60.19,84,95,16.78,overcast clouds
424,Nkhotakota,MW,2021-12-28 08:39:42,-12.9274,34.2961,88.7,39,20,5.5,few clouds
425,Verkhnyaya Inta,RU,2021-12-28 08:39:42,65.9811,60.3094,0.05,96,100,5.03,overcast clouds
426,Kosh-Agach,RU,2021-12-28 08:39:43,50.0,88.6667,0.21,95,57,2.26,broken clouds
427,Mackay,AU,2021-12-28 08:36:06,-21.15,149.2,82.38,74,40,16.11,scattered clouds
428,Barsovo,RU,2021-12-28 08:39:43,61.1667,73.1667,5.13,97,89,7.09,overcast clouds
429,Beringovskiy,RU,2021-12-28 08:39:44,63.05,179.3167,0.27,98,100,12.48,light snow
430,Teluk Nibung,ID,2021-12-28 08:39:44,3.001,99.8164,83.14,74,87,7.31,overcast clouds
431,Swift Current,CA,2021-12-28 08:39:45,50.2834,-107.8014,-26.59,75,1,2.3,clear sky
432,Flinders,AU,2021-12-28 08:39:45,-34.5833,150.8552,66.2,67,67,9.04,broken clouds
433,Ipoti,NG,2021-12-28 08:39:45,7.8738,5.0769,83.57,22,58,3.02,broken clouds
434,Lompoc,US,2021-12-28 08:39:46,34.6391,-120.4579,50.13,79,75,3.44,broken clouds
435,Eenhana,NA,2021-12-28 08:39:46,-17.4667,16.3333,78.55,15,91,5.28,overcast clouds
436,Kaka,TM,2021-12-28 08:39:47,37.3482,59.6143,53.76,22,63,3.13,broken clouds
437,Clyde River,CA,2021-12-28 08:39:47,70.4692,-68.5914,-14.57,70,14,6.91,few clouds
438,Tautira,PF,2021-12-28 08:39:48,-17.7333,-149.15,75.22,79,100,11.88,light rain
439,Grindavik,IS,2021-12-28 08:39:48,63.8424,-22.4338,28.87,74,75,23.02,broken clouds
440,Kidal,ML,2021-12-28 08:39:48,18.4411,1.4078,71.2,14,18,15.86,few clouds
441,Bow Island,CA,2021-12-28 08:39:49,49.8668,-111.3684,-23.78,75,60,0.0,broken clouds
442,Wanganui,NZ,2021-12-28 08:38:38,-39.9333,175.05,63.73,93,99,3.29,light rain
443,San Patricio,US,2021-12-28 08:39:49,28.017,-97.5169,73.49,85,0,15.97,clear sky
444,Rio Grande,BR,2021-12-28 08:39:50,-32.035,-52.0986,64.06,71,2,1.57,clear sky
445,Doha,QA,2021-12-28 08:36:16,25.2867,51.5333,73.38,53,0,10.36,clear sky
446,Phulabani,IN,2021-12-28 08:39:50,20.4667,84.2333,78.91,45,48,4.43,scattered clouds
447,Jiutai,CN,2021-12-28 08:39:51,44.1525,125.8328,23.34,86,1,6.91,clear sky
448,Namibe,AO,2021-12-28 08:39:51,-15.1961,12.1522,76.89,50,97,8.43,overcast clouds
449,Camabatela,AO,2021-12-28 08:39:52,-8.1881,15.375,63.23,97,100,2.71,overcast clouds
450,Inuvik,CA,2021-12-28 08:39:52,68.3499,-133.7218,-8.54,77,20,8.05,few clouds
451,Enfield,AU,2021-12-28 08:39:52,-34.8526,138.6026,79.79,38,0,1.01,clear sky
452,Amambai,BR,2021-12-28 08:39:53,-23.1042,-55.2258,68.97,26,35,3.58,scattered clouds
453,Yeppoon,AU,2021-12-28 08:39:53,-23.1333,150.7333,71.38,79,100,21.99,overcast clouds
454,Poum,NC,2021-12-28 08:39:54,-20.2333,164.0167,82.09,74,74,2.51,broken clouds
455,Girvan,GB,2021-12-28 08:39:54,55.2426,-4.8555,44.31,92,100,9.98,overcast clouds
456,Corinto,GR,2021-12-28 08:39:55,37.9407,22.9573,62.64,82,100,2.39,overcast clouds
457,Polunochnoye,RU,2021-12-28 08:39:55,60.8697,60.4153,0.09,84,100,5.77,overcast clouds
458,Zverinogolovskoye,RU,2021-12-28 08:39:55,54.4586,64.8542,-1.93,96,14,4.43,few clouds
459,Pak Phanang,TH,2021-12-28 08:39:56,8.3511,100.202,89.62,72,23,12.73,few clouds
460,Luderitz,NA,2021-12-28 08:36:53,-26.6481,15.1594,72.86,57,6,10.0,clear sky
461,San Cristobal,VE,2021-12-28 08:39:56,7.7669,-72.225,64.36,97,100,1.25,overcast clouds
462,Mehamn,NO,2021-12-28 08:39:57,71.0357,27.8492,21.11,58,98,2.42,light snow
463,Lima,PE,2021-12-28 08:39:57,-12.0432,-77.0282,67.14,88,75,10.36,broken clouds
464,Ambon,ID,2021-12-28 08:39:58,-3.6954,128.1814,80.74,78,40,6.91,light rain
465,Hamilton,US,2021-12-28 08:40:58,39.1834,-84.5333,45.63,71,1,1.01,clear sky
466,Novichikha,RU,2021-12-28 08:40:59,52.204,81.3877,18.01,90,100,13.78,overcast clouds
467,Fujin,CN,2021-12-28 08:40:59,47.26,132.0322,0.03,93,100,3.91,overcast clouds
468,Sompeta,IN,2021-12-28 08:41:00,18.9333,84.6,77.34,69,12,7.58,few clouds
469,Cornwall,CA,2021-12-28 08:41:00,45.0181,-74.7281,18.64,86,90,10.36,overcast clouds
470,Hirara,JP,2021-12-28 08:41:01,24.8,125.2833,66.47,68,75,6.91,broken clouds
471,Comodoro Rivadavia,AR,2021-12-28 08:41:01,-45.8667,-67.5,62.46,29,0,13.8,clear sky
472,Guozhen,CN,2021-12-28 08:41:02,34.3659,107.359,37.45,66,100,1.9,overcast clouds
473,Nyurba,RU,2021-12-28 08:41:02,63.2842,118.3319,-13.31,98,99,4.81,overcast clouds
474,Nioro,GM,2021-12-28 08:41:02,13.35,-15.75,78.55,14,3,8.66,clear sky
475,Havoysund,NO,2021-12-28 08:41:03,70.9963,24.6622,18.48,80,95,6.46,overcast clouds
476,Duluth,US,2021-12-28 08:41:03,46.7833,-92.1066,10.31,82,40,1.01,scattered clouds
477,Minab,IR,2021-12-28 08:41:04,27.1467,57.0801,80.1,14,3,12.24,clear sky
478,Kichmengskiy Gorodok,RU,2021-12-28 08:41:04,59.9816,45.7854,7.81,91,100,10.29,overcast clouds
479,Segovia,ES,2021-12-28 08:41:05,41.1667,-4.0,48.43,81,75,10.16,broken clouds
480,Bathsheba,BB,2021-12-28 08:41:05,13.2167,-59.5167,74.01,83,40,8.05,scattered clouds
481,Muroto,JP,2021-12-28 08:41:06,33.2833,134.15,46.44,53,3,2.64,clear sky
482,Killybegs,IE,2021-12-28 08:41:06,54.6333,-8.45,40.44,86,97,3.56,overcast clouds
483,Xining,CN,2021-12-28 08:40:54,36.6167,101.7667,26.15,44,53,3.06,broken clouds
484,Te Anau,NZ,2021-12-28 08:41:07,-45.4167,167.7167,49.51,85,11,1.63,few clouds
485,San Policarpo,PH,2021-12-28 08:41:07,12.1791,125.5072,78.85,82,99,20.62,heavy intensity rain
486,Christchurch,NZ,2021-12-28 08:40:19,-43.5333,172.6333,57.02,91,90,1.99,overcast clouds
487,Qaqortoq,GL,2021-12-28 08:41:08,60.7167,-46.0333,21.7,61,5,6.62,clear sky
488,Ambovombe,MG,2021-12-28 08:41:08,-25.1667,46.0833,83.25,64,100,12.21,overcast clouds
489,Biak,ID,2021-12-28 08:41:09,-0.9131,122.8766,80.04,78,100,2.82,overcast clouds
490,Montepuez,MZ,2021-12-28 08:41:09,-13.1256,38.9997,94.84,26,88,4.32,overcast clouds
491,Aljezur,PT,2021-12-28 08:41:09,37.3191,-8.8033,61.61,95,88,3.98,overcast clouds
492,Laguna,US,2021-12-28 08:41:10,38.421,-121.4238,42.62,91,1,1.01,clear sky
493,Kulhudhuffushi,MV,2021-12-28 08:41:10,6.6221,73.07,81.95,68,55,16.15,broken clouds
494,Fraserburgh,GB,2021-12-28 08:41:11,57.6874,-2.0184,36.12,89,100,5.1,overcast clouds
495,Walvis Bay,NA,2021-12-28 08:41:11,-22.9575,14.5053,70.75,68,5,1.14,clear sky
496,Nuuk,GL,2021-12-28 08:41:12,64.1835,-51.7216,23.61,74,78,2.3,broken clouds
497,Khani,GE,2021-12-28 08:41:12,41.9563,42.9566,44.17,91,22,6.31,few clouds
498,Ondjiva,AO,2021-12-28 08:41:13,-17.0667,15.7333,89.02,15,83,3.2,broken clouds
499,Sakakah,SA,2021-12-28 08:41:13,29.9697,40.2064,54.97,36,71,12.84,broken clouds
500,Porto Nacional,BR,2021-12-28 08:41:13,-10.7081,-48.4172,75.2,97,100,2.19,overcast clouds
501,Bani,DO,2021-12-28 08:41:14,18.2833,-70.3333,73.85,74,12,7.63,few clouds
502,Kashi,CN,2021-12-28 08:41:14,39.4547,75.9797,36.23,40,20,4.47,few clouds
503,Najran,SA,2021-12-28 08:41:15,17.4924,44.1277,65.05,23,22,6.15,few clouds
504,Urman,RU,2021-12-28 08:41:15,54.8831,56.8742,4.53,92,100,8.7,light snow
505,Balabac,PH,2021-12-28 08:41:16,7.9868,117.0645,81.16,79,100,18.39,overcast clouds
506,La Primavera,CO,2021-12-28 08:41:16,5.4906,-70.4092,74.75,66,89,5.35,overcast clouds
507,Praya,CV,2021-12-28 08:41:16,14.9215,-23.5087,70.34,56,0,10.36,clear sky
508,Bima,ID,2021-12-28 08:41:17,-8.4667,118.7167,83.17,77,34,2.17,scattered clouds
509,Tallahassee,US,2021-12-28 08:37:54,30.4383,-84.2807,67.51,96,75,3.44,broken clouds
510,Pinega,RU,2021-12-28 08:41:17,64.7001,43.3936,-12.59,100,98,1.59,overcast clouds
511,Krutinka,RU,2021-12-28 08:42:18,56.0055,71.5113,16.79,95,52,10.04,broken clouds
512,Bikin,RU,2021-12-28 08:42:18,46.8161,134.26,-10.26,99,38,3.76,scattered clouds
513,Peniche,PT,2021-12-28 08:42:19,39.3558,-9.3811,62.29,94,57,11.83,broken clouds
514,Haines Junction,CA,2021-12-28 08:42:19,60.7522,-137.5108,15.75,92,100,2.3,overcast clouds
515,Conceicao Do Araguaia,BR,2021-12-28 08:42:20,-8.2578,-49.2647,70.45,98,99,3.02,overcast clouds
516,Teknaf,BD,2021-12-28 08:42:20,20.8624,92.3058,78.51,45,0,7.85,clear sky
517,Vao,NC,2021-12-28 08:42:21,-22.6667,167.4833,77.34,86,100,8.9,overcast clouds
518,Segamat,MY,2021-12-28 08:42:21,2.5148,102.8158,89.42,61,98,6.13,overcast clouds
519,Mulchen,CL,2021-12-28 08:42:21,-37.7167,-72.2333,55.11,83,91,5.21,overcast clouds
520,Torit,SS,2021-12-28 08:42:22,4.4133,32.5678,94.71,27,37,4.32,scattered clouds
521,Wanning,CN,2021-12-28 08:42:22,18.8003,110.3967,66.87,89,99,7.56,overcast clouds
522,Bahia Honda,CU,2021-12-28 08:42:23,22.9036,-83.1592,67.73,91,3,7.36,light rain
523,Fare,PF,2021-12-28 08:42:23,-16.7,-151.0167,80.69,71,100,9.75,overcast clouds
524,San Quintin,MX,2021-12-28 08:38:04,30.4833,-115.95,54.63,66,95,3.71,overcast clouds
525,Meybod,IR,2021-12-28 08:42:24,32.2501,54.0166,55.42,23,3,2.89,clear sky
526,Thessalon,CA,2021-12-28 08:42:24,46.2501,-83.5666,28.89,84,72,18.92,broken clouds
527,Altay,CN,2021-12-28 08:42:25,47.8667,88.1167,10.31,77,0,4.12,clear sky
528,Vredendal,ZA,2021-12-28 08:42:25,-31.6683,18.5012,68.38,67,100,11.81,overcast clouds
529,Picton,AU,2021-12-28 08:42:26,-34.1833,150.6,65.43,70,52,6.89,broken clouds
530,Barberton,ZA,2021-12-28 08:42:26,-25.7884,31.0532,82.45,28,34,4.5,scattered clouds
531,Saint-Leu,RE,2021-12-28 08:42:26,-21.15,55.2833,83.68,77,25,6.26,scattered clouds
532,Fairview,US,2021-12-28 08:42:27,40.8126,-73.999,40.59,90,90,0.0,mist
533,Kirillov,RU,2021-12-28 08:42:27,59.863,38.3813,4.93,94,65,7.74,broken clouds
534,Acapulco,MX,2021-12-28 08:39:13,16.8634,-99.8901,73.22,88,40,3.44,scattered clouds
535,Bela,IN,2021-12-28 08:42:28,25.9333,81.9833,63.48,74,100,5.3,moderate rain
536,Marzuq,YE,2021-12-28 08:42:28,14.4,46.4667,77.31,19,0,5.88,clear sky
537,Savalou,BJ,2021-12-28 08:42:29,7.9281,1.9756,85.86,16,76,6.98,broken clouds
538,Iracoubo,GF,2021-12-28 08:42:29,5.4802,-53.2011,76.77,90,36,7.65,scattered clouds
539,Jiuquan,CN,2021-12-28 08:42:29,39.7432,98.5174,23.68,58,98,2.71,overcast clouds
540,Shiyan,CN,2021-12-28 08:42:30,32.6475,110.7781,46.42,49,2,3.51,clear sky
541,Bilibino,RU,2021-12-28 08:42:30,68.0546,166.4372,-29.96,94,94,5.37,overcast clouds
542,Taganak,PH,2021-12-28 08:42:31,6.0833,118.3,75.34,83,100,11.36,moderate rain
543,Kursavka,RU,2021-12-28 08:42:31,44.4564,42.5093,29.21,60,57,9.53,broken clouds
544,Cootamundra,AU,2021-12-28 08:42:32,-34.65,148.0333,71.94,41,37,12.46,scattered clouds
545,Krasnokamensk,RU,2021-12-28 08:42:32,50.0979,118.0369,-9.04,99,71,2.57,broken clouds
546,Omboue,GA,2021-12-28 08:42:32,-1.5746,9.2618,78.94,83,100,9.37,overcast clouds
547,Darhan,MN,2021-12-28 08:42:33,49.4867,105.9228,0.32,88,4,3.94,clear sky
548,Lucea,JM,2021-12-28 08:42:33,18.451,-78.1736,78.66,76,22,14.85,few clouds
549,Dawlatabad,AF,2021-12-28 08:42:34,36.4141,64.9053,51.48,31,0,8.77,clear sky
550,Kovdor,RU,2021-12-28 08:42:34,67.5662,30.4758,-8.34,100,99,3.6,overcast clouds
551,Gnjilane,XK,2021-12-28 08:42:35,42.4604,21.4699,37.72,93,100,2.48,overcast clouds
552,Atar,MR,2021-12-28 08:42:35,20.5169,-13.0499,72.39,22,58,10.18,broken clouds
553,Sembe,CG,2021-12-28 08:42:36,1.6481,14.5806,89.35,46,100,1.48,overcast clouds
554,Coquimbo,CL,2021-12-28 08:40:44,-29.9533,-71.3436,62.33,82,90,2.3,overcast clouds
555,Cerro Punta,PA,2021-12-28 08:42:36,8.85,-82.5667,48.69,87,92,3.67,overcast clouds
556,Saint-Francois,FR,2021-12-28 08:42:37,46.4154,3.9054,56.64,78,75,16.11,broken clouds
557,Carutapera,BR,2021-12-28 08:42:37,-1.195,-46.02,74.89,94,99,4.94,overcast clouds
558,Henderson,US,2021-12-28 08:39:54,36.0397,-114.9819,47.82,51,1,9.22,clear sky
559,Ribeira Grande,PT,2021-12-28 08:43:38,38.5167,-28.7,66.6,88,75,31.07,mist
560,Sovetskiy,RU,2021-12-28 08:43:38,61.3614,63.5842,0.19,92,98,6.46,overcast clouds
561,Navoi,UZ,2021-12-28 08:43:38,40.0844,65.3792,44.08,45,90,9.22,overcast clouds
562,Karratha,AU,2021-12-28 08:43:39,-20.7377,116.8463,94.08,41,7,18.48,clear sky
563,Maceio,BR,2021-12-28 08:42:49,-9.6658,-35.7353,76.44,94,40,3.44,scattered clouds
564,Esqueda,MX,2021-12-28 08:43:40,30.7167,-109.5833,43.48,65,10,7.63,clear sky
565,Pauini,BR,2021-12-28 08:43:40,-7.7136,-66.9764,73.89,96,100,0.69,overcast clouds
566,Zyryanka,RU,2021-12-28 08:43:40,65.75,150.85,-29.07,98,96,12.03,overcast clouds
567,Tabou,CI,2021-12-28 08:43:41,4.423,-7.3528,81.95,77,34,4.7,scattered clouds
568,Morada Nova,BR,2021-12-28 08:40:14,-5.1067,-38.3725,76.17,82,99,3.51,overcast clouds
569,Jalu,LY,2021-12-28 08:43:41,29.0331,21.5482,62.28,32,77,12.46,broken clouds
570,Kiama,AU,2021-12-28 08:43:42,-34.6833,150.8667,65.57,66,80,1.01,broken clouds
571,Hovd,MN,2021-12-28 08:43:42,48.0056,91.6419,6.48,89,100,1.74,light snow
572,Diamantino,BR,2021-12-28 08:43:43,-14.4086,-56.4461,70.95,95,84,5.23,broken clouds
573,Mareeba,AU,2021-12-28 08:43:43,-17.0,145.4333,73.44,96,100,1.14,light rain
574,Tevriz,RU,2021-12-28 08:43:44,57.509,72.4042,16.14,94,100,5.3,overcast clouds
575,Patitirion,GR,2021-12-28 08:43:44,39.15,23.8667,60.37,72,100,5.01,overcast clouds
576,Cao Bang,VN,2021-12-28 08:43:45,22.6667,106.25,53.85,67,96,2.48,overcast clouds
577,Trinidad,BO,2021-12-28 08:43:45,-14.8333,-64.9,73.04,97,100,2.13,overcast clouds
578,Matara,LK,2021-12-28 08:40:17,5.9485,80.5353,87.55,50,88,4.94,overcast clouds
579,Bariri,BR,2021-12-28 08:41:43,-22.0744,-48.7403,70.95,85,23,3.53,few clouds
